id,bid,user_id,用户昵称,微博正文,头条文章url,发布位置,艾特用户,话题,转发数,评论数,点赞数,发布时间,发布工具,微博图片url,微博视频url,retweet_id
4646218301446089,KjolE64c1,6858239618,说好的5872,  ［#甘肃山地马拉松幸存选手发声#失联的志愿者和GPS］ 一失联的志愿者： 1瞬时营救：张小涛说昏迷前做了两件事，披上保温毯，拿出GPS按下SOS（图1）。但他却昏迷2小时43分之久（图2），直到朱可铭发现了他。组委会收到求救信号，即便立刻派人上去也不一定来得及，那么GPS究竟有什么用？但其实可以即时营救，组委会可根据GPS位置，通知最近的人员赶过去营救。 假设组委会并不知道朱可铭的存在，但张小涛既然距离朱可铭的窑洞不远，也就意味着离CP3打卡点不远，因为朱可铭的窑洞距离CP3打卡点只有400米（图3）。这个打卡点上就有两名工作人员，至少可以把他运到附近窑洞。 2按兵不动：但直到下午3-4，所有打卡点的工作人员都不知到停赛，还在给选手加油（图4）。打卡点的工作人员可能并非晟景的临时雇用人员，而是纯粹免费的志愿者，据流落南方统计因为伙食太差还流失了10个左右。 他们不仅不知道停赛，竟然没有被组委会重视，他们有暖手宝和保暖衣物，救援中几十名志愿者被忽略，组委会并未发动距离赛道最近的志愿者去救援（图5）。在人手紧缺的时刻，竟然忽视了距离最近的志愿者？笔者不禁怀疑，这是不是有意的忽略？他们一动就意味着比赛不可能进行了。 二失联的GPS： 1信断米家山：米家山上被称作无人区，信号不太好。但其实GPS跟踪器的信号应该比手机好，它同时安装了GPS卫星和移动通讯两个模块，相当于一部小型卫星电话+移动电话。为什么有些选手GPS信号丢失呢？（图6）。如果丢失信号也不可能一直没有信号。而且后来通信车也到了，对移动通讯有所加强。 2检查无人区：GPS跟踪器作为强制装备，每个选手必须全程携带，但多位参赛选手称，赛前组委会并未对选手携带的强制装备进行检查（图7和图5）。强制装备不仅没有了冲锋衣和保暖衣，甚至仅剩的9样强制装备也不检查吗？几十位工作人员检查一遍只需要几分钟而已。幸存选手说，有的选手根本没带保温毯，甚至GPS也没有开启。 赛事方是不是有义务检查呢？根据田径协会的规定要100%检查，特殊情况检查也不低于50%。甘肃白银黄河石林山地越野赛显然不属于特殊情况，必须100%检查（图8）。田径协会的规范是否具有法律效力呢？答案是肯定的，根据《体育赛事管理办法》第三条第三款，行业协会的规范已经被授权（图9）。,,,,甘肃山地马拉松幸存选手发声,209,116,1140,2021-06-09 16:43,Android,"['http://ww1.sinaimg.cn/large/007u8tq2gy1grc34468raj30p00xmtni.jpg', 'http://ww4.sinaimg.cn/large/007u8tq2gy1grc344ulm0j30go111775.jpg', 'http://ww3.sinaimg.cn/large/007u8tq2gy1grc373l5djj31t00u0jy8.jpg', 'http://ww2.sinaimg.cn/large/007u8tq2gy1grc343l4ekj30u01t0qf9.jpg', 'http://ww1.sinaimg.cn/large/007u8tq2gy1grc39w0spmj30u01t0gxm.jpg', 'http://ww4.sinaimg.cn/large/007u8tq2gy1grc3drlbnvj30u01t01ab.jpg', 'http://ww1.sinaimg.cn/large/007u8tq2gy1grc3418cfej30u01t0170.jpg', 'http://ww1.sinaimg.cn/large/007u8tq2gy1grc3j9mmn7j30mm10278o.jpg', 'http://ww4.sinaimg.cn/large/007u8tq2gy1grc3gxe9j1j30u016fn1q.jpg']",,
4646297845369998,KjqpWmwYS,6115085458,用户静净敬竞458,//@rosealma2: 赛事方是不是有义务检查呢？根据田径协会的规定要100%检查，特殊情况检查也不低于50%。甘肃白银黄河石林山地越野赛显然不属于特殊情况，必须100%检查（图8）。田径协会的规范是否具有法律效力呢？答案是肯定的，根据《体育赛事管理办法》第三条第三款，行业协会的规范已经被授权（图9,,,rosealma2,,0,0,1,2021-06-09 21:59,HUAWEI nova 3e,,,4646218301446089
4646272403774088,KjpKUfPOo,6604858861,戚悲楚,/: 赛事方是不是有义务检查呢？根据田径协会的规定要100%检查，特殊情况检查也不低于50%。甘肃白银黄河石林山地越野赛显然不属于特殊情况，必须100%检查（图8）。田径协会的规范是否具有法律效力呢？答案是肯定的，根据《体育赛事管理办法》第三条第三款，行业协会的规范已经被授权（图9）。,,,,,0,0,0,2021-06-09 20:18,5G自拍手机vivo S6,,,4646218301446089
4646272298127619,KjpKJy6mD,6604858861,戚悲楚,//@历史的风://: 赛事方是不是有义务检查呢？根据田径协会的规定要100%检查，特殊情况检查也不低于50%。甘肃白银黄河石林山地越野赛显然不属于特殊情况，必须100%检查（图8）。田径协会的规范是否具有法律效力呢？答案是肯定的，根据《体育赛事管理办法》第三条第三款，行业协会的规范已经被授权（图,,,历史的风,,0,0,0,2021-06-09 20:18,5G自拍手机vivo S6,,,4646218301446089
4646263918434287,Kjpxdzo8T,7052174655,历史的风,//@rosealma2: 赛事方是不是有义务检查呢？根据田径协会的规定要100%检查，特殊情况检查也不低于50%。甘肃白银黄河石林山地越野赛显然不属于特殊情况，必须100%检查（图8）。田径协会的规范是否具有法律效力呢？答案是肯定的，根据《体育赛事管理办法》第三条第三款，行业协会的规范已经被授权（图9,,,rosealma2,,0,0,0,2021-06-09 19:45,Samsung Galaxy S8+,,,4646218301446089
4646250505306889,KjpbAmgyZ,5953098164,执行力5921,//@rosealma2: 赛事方是不是有义务检查呢？根据田径协会的规定要100%检查，特殊情况检查也不低于50%。甘肃白银黄河石林山地越野赛显然不属于特殊情况，必须100%检查（图8）。田径协会的规范是否具有法律效力呢？答案是肯定的，根据《体育赛事管理办法》第三条第三款，行业协会的规范已经被授权（图9,,,rosealma2,,0,0,0,2021-06-09 18:51,麦芒6 边界，我来超越,,,4646218301446089
4646240295584497,KjoV7nqMx,6424866157,rosealma2, 赛事方是不是有义务检查呢？根据田径协会的规定要100%检查，特殊情况检查也不低于50%。甘肃白银黄河石林山地越野赛显然不属于特殊情况，必须100%检查（图8）。田径协会的规范是否具有法律效力呢？答案是肯定的，根据《体育赛事管理办法》第三条第三款，行业协会的规范已经被授权（图9）。,,,,,0,0,0,2021-06-09 18:11,荣耀10青春版,,,4646218301446089
4646227746227756,KjoASq87G,6548826205,奶窝儿给哇ppp,用马拉松至暗时刻的照片做广告，何谈敬畏生命网传小蓝象品牌一张广告海报上写着“棉织品很吸汗，不容易排出从而加剧失温风险”等字样，宣传文字下方为此前甘肃白银石林山地马拉松百里越野赛选手包裹着保温毯的照片。（6月7日澎湃新闻）有网友认为，小蓝象将事故照片用作广告宣传的行为不妥。“这图片用的有点儿下作，特殊事件特殊情绪，不宜做商业宣传。”甘肃白银越野赛事造成21人遇难，面对中国马拉松的至暗时刻，我们对主办方诘问，对遇难者表示沉重哀悼。小蓝象品牌却公然用马拉松事故选手照片做广告，不只是“有点儿下作”，更是吃“人血馒头”。小蓝象此举，丝毫不见对生命的敬畏，毫无底线。蹭流量、蹭热度的广告并不鲜见，毕竟流量可以给广告带来曝光度，扩大传播范围。然而拿事故照片做广告，小蓝象“反向炒作”的效果达到了，的确让人们记住了这个品牌，只不过人们记住的是小蓝象没有底线。正如网友所说，拿伤亡事件做商业用途的广告，放在任何文化里都是绝对不能容忍的行为。用事故照片做广告，不仅违背社会道德，更是违法行为。《广告法》第九条第七项规定，广告不得妨碍社会公共秩序或者违背社会良好风尚；该法第六十九条第四项规定，不得在广告中未经同意使用他人名义或者形象。小蓝象用马拉松事故选手照片做广告，同时违反两条法律。据企查查APP显示，小蓝象公司全称为上海小蓝象服装有限公司，2016年2月该公司曾因广告违法被罚17万。小蓝象因广告问题违法多次，却丝毫不吸取教训，是对《广告法》的挑衅。尽管小蓝象已经下架该广告并致歉，但一句轻飘飘的“我们错了，对不起”不足以抵消此事件带来的不良影响。小蓝象的行为不仅违法，还对马拉松事故选手及其家属造成了二次伤害。在致歉声明中，小蓝象只是迫于网络舆情向公众道歉，并没有对马拉松事故的选手们道歉，这份致歉声明里没有一点真诚，也没有重拾对生命该有的敬畏之心。对于企业而言，真实、准确地展现产品的信息是商业广告应该承担的社会责任，决定着企业是否具有健康的品牌形象。小蓝象用马拉松事故照片做广告，热度是蹭到了，但对生命的敬畏之心丢失了，企业的良好形象也随之崩塌。在我国，广告不仅仅是满足消费需求，它也承担着建设社会精神文明，弘扬先进文化的社会责任。广告人在做广告之前，首先要学会做人，谨记广告人肩上的责任，绝不能像小蓝象一样丢失对生命的敬畏之心。,,,,,0,0,0,2021-06-09 17:21,新版微博 weibo.com,,,
4646227163744727,KjozWfIaP,6548826205,奶窝儿给哇ppp,用事故照片做广告，商业宣传不能毫无底线近日，北京朝阳大悦城小蓝象儿童排汗睡衣店被曝其门店广告牌上所使用的图片，是甘肃白银越野赛事故照片。该广告上有配文：“保持干燥，至关重要”，内容是有关于失温风险的。事后，小蓝象做出了道歉回应。（6月8日九派新闻）白银越野赛事故是一出悲剧，人们对此首先想到是对逝去生命的惋惜与同情，而商家却以此为营销噱头，抓住“失温”作为卖点推销产品，看不出一点对逝者的尊重，也丝毫没有对生命的敬畏。这样的无良广告也不是第一次出现在公众视野了。前有涉嫌侮辱女性的卸妆棉广告，后有某短视频平台侮辱烈士的推广，还有保险公司针对客户意外身亡的大额赔付进行大张旗鼓的营销宣传。而几乎每一次都是以商家删除涉事广告、口头道歉了事，却看不出几分诚意，反而通过舆论的发酵为其增加了知名度，这甚至成为了一些商家的“宣传密码”。也就是说，一些商家把“审丑”当成了注意力经济时代的惯用手段，他们明知不可为而为之，就是想引起公众关注。看似言辞恳切的道歉，说不定背后是阴谋得逞的窃喜。我国广告法第三条明确规定：广告应当真实、合法，以健康的表现形式表达广告内容，符合社会主义精神文明建设和弘扬中华民族优秀传统文化的要求；第九条也明确说，广告不得妨碍社会公共秩序或者违背社会良好风尚。对于层出不穷的无良广告，必须有严厉的惩戒商业宣传本身是为了推广自己的产品，或是让受众了解自己的企业文化和精神，而使用这些吸引眼球却毫无道德底线的广告，不仅达不到宣传的效果，还会适得其反。企业想要成功，就要有社会责任感，站在受众和消费者的角度考虑，从用户的心理出发，把产品做好做强，自然会有消费者慕名而来。,,,,,0,0,0,2021-06-09 17:19,新版微博 weibo.com,,,
4646202560221886,KjnWg0VIO,7435970761,芬芳2a,#甘肃山地马拉松16名参赛选手遇难#【#甘肃景泰一马拉松百公里越野赛已发现16人遇难#】记者从黄河石林山地马拉松百公里越野赛失联救援指挥部获悉，22日上午在甘肃省白银市景泰县黄河石林景区举行的黄河石林山地马拉松百公里越野赛遭遇极端天气，截至O23日3时，已发现16人遇难，还有5人失联正在救援中。　　据指挥部介绍，当天中午1点左右，百公里越野赛高海拔赛段20公里至31公里处，受突变极端天气影响，局地出现冰雹、冻雨、大风等灾害性天气，气温骤降，参赛人员出现身体不适、失温等情况，部分参赛人员失联，比赛停止。当地马上组织多方力量搜救失联人员。　　接到当地报告后，甘肃省委、省政府第一时间召开专题会议，立即启动应急预案，成立失联救援指挥部并组织救援力量700余人投入搜救。由于赛段内地形地貌复杂，夜间气温再度下降，搜救难度较大。截至O23日3时，151名参赛人员已经确认安全，其中轻伤5人在医院救治，情况稳定。16名参赛人员找到时已失去生命体征，另有5人仍在进一步搜救中。　　据介绍，该赛事由白银市委、市政府主办，景泰县承办，具体赛事运营由甘肃晟景体育文化发展有限公司负责，共计172人参与百公里越野赛。（记者郭刚、李杰、范培珅）辽宁省沈阳市铁西区贵和小学在2020年12月19号高级职称评定中，沈阳市文件要求公开公平公正！我要求公开参评老师的所有参评材料却遭到张校长的拒绝。拒绝的理由是：1.孙老师不同意公开。2.只公布分数，说是半公开。在我向上级投诉一周之后才让公开。参评的孙老师有一证书是辽宁省政府办公厅发的证书，当我问到取得证书的原因时，她拿出一份沈阳市委组织部的情况说明，说明里没有关于她的辽宁省政府办公厅的证书的内容。我有疑惑，问校长原因时，张校长说都是真的，孙老师就评上了高级。孙老师的辽宁省政府办公厅的证书与沈阳市委组织部的说明材料不匹配。投诉五个多月了，没有人管。O政策法规不容践踏,,,,"甘肃山地马拉松16名参赛选手遇难,甘肃景泰一马拉松百公里越野赛已发现16人遇难",0,0,0,2021-06-09 15:41,华为手机 畅享玩不停,,,
4646193039414102,KjnGTDv2m,1698921891,长江商报,【小蓝象因用马拉松事故营销道歉曾因广告违法被罚17万】6月7日，因为门店使用马拉松事故营销，上海小蓝象服装有限公司发布道歉信。此前，北京朝阳大悦城小蓝象儿童排汗睡衣店被曝使用甘肃白银越野赛公共安全事件图片做广告，根据网传照片，店内展示海报上写着“只顾保暖，而忽略了大量出汗引起的失温风险”等字样，底部图片是白银越野赛遭遇极端天气后参赛选手在地上抱团取暖的照片。此举引发众怒。网友认为，这样宣传是不尊重事故遭遇者，为了营销“毫无底线”。随后，“小蓝象排汗内衣”微博发布道歉信，提到因我司门店“保持干燥，至关重要”画面素材使用不当，引发公众关注及质疑。目前该门店因接到投诉现已撤下。O网页链接,,,,,0,0,1,2021-06-09 15:03,微博 weibo.com,,,
4646175103517216,KjndYeKZi,1770912551,青蛙王子甜甜哥,全文如下各省、自治区、直辖市人民政府办公厅，新疆生产建设兵团办公厅：5月22日，甘肃省白银市黄河石林百公里越野赛因局部天气突变发生公共安全事件，造成重大人员伤亡，教训十分沉痛。为切实保障人民群众身体健康和生命安全，从即日起，暂停山地越野、戈壁穿越、翼装飞行、超长距离跑等管理责任不清、规则不完善、安全防护标准不明确的新兴高危体育赛事活动。体育总局将对体育赛事活动进行全面梳理，加快完善管理制度，健全标准规范，全面加强对体育赛事活动安全的管理保障。各地要严格落实非必要不办赛要求，坚持底线思维，增强风险意识，强化属地管理责任，采取切实有效措施防范和化解风险。要围绕组织运营、服务保障、安全管理、应急救援、疫情防控、地质条件、气象因素等内容，对所有赛事活动开展全面风险排查，存在安全隐患的一律暂停，严防体育领域安全事件发生，为迎接建党100周年营造良好的环境和氛围。（原标题：中国田径协会：取消第十四届全国运动会田径马拉松项目资格赛）#马拉松#,,深圳·中心区,,马拉松,0,0,0,2021-06-09 13:52,小米10 Pro,['http://ww3.sinaimg.cn/large/698dfb27gy1grbyy6g4zmj21t50u0n8w.jpg'],,
4646165365393122,KjmYgmCZQ,1642512402,中国新闻周刊,【越野跑者：“面对山”的人如何面对自己】每周末，多个越野跑赛事在中国的不同城市同时发枪，这个本应是小众的领域，因风景之美、挑战之大、奖金之丰厚，涌入了越来越多的跑友。全球顶级越野跑赛事UTMB（环保朗峰越野赛）选择中国作为第一个海外越野跑赛事的举办地，创始人兼CEO凯瑟琳说，UTMB从未见过哪个国家的运动员人数增长得如此之快。 不亲自站在赛道上，许多人意识不到这项运动到底有多危险。曾华锋参加巨人之旅那年，另一名中国选手殒命赛场。这是他第一次认知到，原来越野跑会有死亡。 中国大量的普通跑友都是这样，一边依附着跑团，一边在实战中摸索着成熟。相较而言，因过往训练、赛事经验更丰富的欧美选手，会更看重安全性。凯瑟琳说，在中国，很多人认为马拉松之后是越野跑，然而在欧洲并非如此。很多人是从铁人三项、滑雪等山地运动转型到越野跑。不可否认，后者天然就更有对山的敬畏与技术。O越野跑者：“面对山”的人如何面对自己,,,,,21,4,32,2021-06-09 13:13,微博 weibo.com,,,
4646168321065204,Kjn324t6I,2412329707,刘慧兰宝贝女性,甘肃白银越野赛没做好准备，很多人也没什么经验，所以遇到极端天气。,,,,,0,0,0,2021-06-09 13:25,新版微博 weibo.com,,,4646165365393122
4646149200547677,Kjmyc2itv,5867485312,王者之香二86,把公众的痛点当卖点，商家良心何在！【极目锐评：拿白银越野赛事故打广告，“毒营销”伤人害己】O极目锐评｜拿白银越野赛事故打广告，“毒营销”伤人害己！……6月6日，北京朝阳大悦城小蓝象儿童排汗睡衣店被曝使用有21人遇难的甘肃白银越野赛公共事件图片做广告……,,大理市,,,0,4,25,2021-06-09 12:09,华为手机,['http://ww2.sinaimg.cn/large/006p5mXSgy1grbvsh1k4rj30hr0p0abn.jpg'],,
4646145002049544,Kjmrq8Bba,1427053010,封存酿生活,因为甘肃白银的黄河石林越野赛事件，本人几天前在自己的公众号“越野跑道”上写了一篇文章《从黄河石林越野赛引出的顶层思考：正本清源，统一监管机构》，被业内反映的评价挺好，今天又一个越野跑公众号联系本人，要求给其开通白名单后转载，看来这篇文章不枉费本人几天时间写作，的确挺火啊，本人也欢迎各个媒体转载联系本人公众号：越野跑道。本人希望这篇文章能够帮助到越野跑，让这项运动不被误解而遭错杀，就像跑者八零王晓林所说，为越野跑发声是“帮自己也是帮大家”，毕竟这个事件影响了越野跑爱好者的运动环境。其实本人的公众号上还写有另外一篇文章《甘肃白银越野赛引发思考：怎样挽救越野跑行业》，反映也不错。同样欢迎各媒体联系本人的微信公众号“越野跑道”，进行转载。@新浪跑步新浪跑步#新浪跑步#越野跑#越野跑#跑步#跑步#,,白银·黄河石林国家地质公园,新浪跑步,"新浪跑步,越野跑,跑步",0,0,1,2021-06-09 11:52,HUAWEI P10 Plus,,,
4646141327312593,KjmluuGl3,1247311055,闲话壹贰,#马拉松#甘肃白银一场山地越野马拉松人间惨剧，拉响了类马拉松系列活动的安全警钟，甚至于#第十四届全运会#这类组织周密的赛事也停止了马拉松项目。白银越野赛惨剧，发生的直接原因是恶劣天气，关键因素却在于赛事组织方的保障工作缺位。赛事组织方对可能面对的问题没有起码的预判，没有起码的应对预案，当问题爆发时酿成惨剧成为不可避免。如此惨剧，带给赛事组织方、管理方、以及后续的诸多活动的启示不能是一禁了之，更应该有深度谋划。主管部门应建立此类项目的管理规范和明确主体责任，建立规范、全面的赛制执行与保障服务体系，确保赛事能够成功举办，确保参赛者能够健康参赛、顺利完赛，促进各项赛事的健康长远发展，提升赛事水平。,,,,"马拉松,第十四届全运会",0,1,1,2021-06-09 11:37,HUAWEI P40 Pro 5G,['http://ww2.sinaimg.cn/large/4a5874cfgy1grbv2l3wh5j20j60t8wg7.jpg'],,
4646130212929675,Kjm3zci8P,5211109597,体育大生意,导致21名参赛选手遇难的甘肃白银越野赛公共安全事件，被视为中国体育领域有史以来教训最惨痛的事故。在悲剧发生后，各方都哀痛至极。但令人愤怒的是，当全社会都在哀悼逝者、总结教训之际，我国一家服饰品牌居然堂而皇之地用这一悲剧的相关照片做营销，随即在网上引发铺天盖地的声讨，被斥责毫无底线、丧失基本人伦。O人血馒头！甘肃越野赛照片印成广告，冒犯式营销的免费流量是原罪,,,,,0,0,1,2021-06-09 10:53,微博 weibo.com,,,
4646128249211813,Kjm0oCEpD,7616986877,最美枣庄,#中新微评#【生命面前，营销应有底线】21名参赛人员遇难的白银越野赛公共安全事件警钟犹在，有商家竟然为了眼球、流量，将事件悲惨照片用于广告宣传。近日，小蓝象儿童排汗睡衣店的一张海报就引起轩然大波，海报上写着“保持干燥、至关重要”，配图则是白银越野赛参赛选手抱团取暖的照片。白银越野赛失温遇难选手尸骨未寒，比赛时的图像却被用于广告宣传，家属看到会作何感想？原本我们以为，不是所有社会事件都可以用作营销，这句话是社会共识，不需要强调，但是涉事企业的行为不得不让我们重申：在生命面前，营销应有底线。（记者张旭）L中国新闻网的微博视频,,,,中新微评,0,0,0,2021-06-09 10:45,微博 weibo.com,,"http://f.video.weibocdn.com/SPV1MeI8lx07NiKEbzm0010412005bDq0E010.mp4?label=mp4_ld&template=632x360.25.0&trans_finger=40a32e8439c5409a63ccf853562a60ef&ori=0&ps=1BVp4ysnknHVZu&Expires=1624610472&ssig=%2F9bKKl3QPR&KID=unistore,video",
4646125942082611,KjlWG8JMv,6560931931,普通人ZBT,近日，甘肃省白银市山地马拉松百公里越野赛事件搜救行动结束，最终确认遇难参赛者21人，其中包括多名越野圈资深选手，这也是国内举办跑步赛事以来，最严重的一场事故。对于极限运动，普通人不要逞英雄。 O网页链接,,,,,0,0,0,2021-06-09 10:36,nova 5i Pro,,,
4646124789694989,KjlUOEG6N,6345673059,上游视频,【上游快评丨用“马拉松事故照片”做广告，底线都不要了？】近日，有微博用户爆料某排汗内衣品牌，竟然使用甘肃越野赛选手凄惨的照片做广告，让人大跌眼镜。据澎湃新闻报道，该广告海报上写有“保持干燥、至关重要”“棉织品很吸汗”等字样，宣传文字下方为此前甘肃白银石林山地马拉松百公里越野赛选手的照片。当网友们还在哀悼遇难选手的时候，竟然有品牌利用这起悲剧事件做起了营销，如此不尊重遇难者和伤者的营销手段，简直刷新了人们的三观。根据我国广告法规定，广告不得妨碍社会公共秩序或违背社会良好风尚。对于违法相关法规的广告，将由市场监督管理部门责令停止发布广告，对广告主进行相关处罚。对于这类低俗广告内容，相关部门必须加强监管，重拳整治，提升违法成本。企业在营销推广上搞些创意无可厚非，但把低俗当创意则万不可取，靠违背公序良俗引流牟利，既不尊重消费者，也有损企业形象，这样“饮鸩止渴”，企业注定也走不远，还望各家企业引以为戒，加强自律，不要为了追求业绩和流量，底线都不要了。L上游视频的微博视频,,,,,0,0,0,2021-06-09 10:32,微博视频号,,"http://f.video.weibocdn.com/000oGlm5gx07NjCZzhza010412009e8x0E010.mp4?label=mp4_ld&template=640x360.25.0&trans_finger=40a32e8439c5409a63ccf853562a60ef&ori=0&ps=1BVp4ysnknHVZu&Expires=1624610472&ssig=DR9zxe99CK&KID=unistore,video",
4646071034447691,Kjkw7iF2X,1155964994,千里漫步,商家用白银越野赛事故图打广告？道歉来了O网页链接,,,,,0,0,0,2021-06-09 06:58,人民日报客户端,['http://ww4.sinaimg.cn/large/44e6a042gy1grbn002cxcj20jg0jggmx.jpg'],,
4645958493407618,KjhABeitA,7617996058,用户7617996058,《白银越野赛遇难者梁晶落葬：上百人赴家乡送行，以跑步纪念|长跑|跑步|越野跑|马拉松|越野赛|梁晶_手机网易网》摘要：这是一场民间自发组织的纪念活动。人们说，希望能留住梁晶精神。跑长跑的人才明白它意味着什么。文|周航魏芙蓉编辑|王珊两周前，他们收拾行囊，奔向白银，准备夺取冠军O网页链接,,,,,0,0,0,2021-06-08 23:31,百度App,['http://ww3.sinaimg.cn/large/008jykMagy1grba2cf4cnj30hs0dd0tq.jpg'],,
4645944911465926,KjheH69lY,6715517408,东至新闻资讯,【泪目！“跑神”梁晶“回家”了！】2021年5月22日至暗的日子噩耗传来全县震惊在甘肃省白银市景泰县举办的第四届黄河石林山地马拉松百公里越野赛中，由于遭遇极端天气，参赛的172名选手中，有21人不幸遇难。而我县引以自豪的跑神--梁晶，因严重失温自救无效不幸遇难，永远离开了我O泪目！“跑神”梁晶“回家”了！,,,,,1,3,8,2021-06-08 22:37,微博 weibo.com,,,
4645937907764539,Kjh3owzUv,5401012250,永登检察,#中新微评#【生命面前，营销应有底线】21名参赛人员遇难的白银越野赛公共安全事件警钟犹在，有商家竟然为了眼球、流量，将事件悲惨照片用于广告宣传。近日，小蓝象儿童排汗睡衣店的一张海报就引起轩然大波，海报上写着“保持干燥、至关重要”，配图则是白银越野赛参赛选手抱团取暖的照片。白银越野赛失温遇难选手尸骨未寒，比赛时的图像却被用于广告宣传，家属看到会作何感想？原本我们以为，不是所有社会事件都可以用作营销，这句话是社会共识，不需要强调，但是涉事企业的行为不得不让我们重申：在生命面前，营销应有底线。（记者张旭）L中国新闻网的微博视频,,,,中新微评,0,2,1,2021-06-08 22:09,微博视频号,,"http://f.video.weibocdn.com/SPV1MeI8lx07NiKEbzm0010412005bDq0E010.mp4?label=mp4_ld&template=632x360.25.0&trans_finger=40a32e8439c5409a63ccf853562a60ef&ori=0&ps=1BVp4ysnknHVZu&Expires=1624610477&ssig=kJH3SpvX67&KID=unistore,video",
4645925634968620,KjgJBkQz2,1784473157,中国新闻网,#中新微评#【生命面前，营销应有底线】21名参赛人员遇难的白银越野赛公共安全事件警钟犹在，有商家竟然为了眼球、流量，将事件悲惨照片用于广告宣传。近日，小蓝象儿童排汗睡衣店的一张海报就引起轩然大波，海报上写着“保持干燥、至关重要”，配图则是白银越野赛参赛选手抱团取暖的照片。白银越野赛失温遇难选手尸骨未寒，比赛时的图像却被用于广告宣传，家属看到会作何感想？原本我们以为，不是所有社会事件都可以用作营销，这句话是社会共识，不需要强调，但是涉事企业的行为不得不让我们重申：在生命面前，营销应有底线。（记者张旭）L中国新闻网的微博视频,,,,中新微评,14,18,115,2021-06-08 21:20,微博视频号,,"http://f.video.weibocdn.com/SPV1MeI8lx07NiKEbzm0010412005bDq0E010.mp4?label=mp4_ld&template=632x360.25.0&trans_finger=40a32e8439c5409a63ccf853562a60ef&ori=0&ps=1BVp4ysnknHVZu&Expires=1624610477&ssig=kJH3SpvX67&KID=unistore,video",
4645905511486484,Kjgd96eHy,5905053564,晋江正能量,#商家用白银越野赛事故图片做广告#6月7日，上海小蓝象服装有限公司官方微博发文道歉，称因该公司门店“保持干燥，至关重要”画面素材使用不当，引发公众关注及质疑，对此该公司高度重视，于第一时间整改下架。,,,,商家用白银越野赛事故图片做广告,0,0,1,2021-06-08 20:00,iPhone 11,['http://ww3.sinaimg.cn/large/006rD0bqgy1grb3zbu1ojj30go0jyjsk.jpg'],,
4645901639619896,Kjg6TEmzC,1684790931,成都新闻广播,【带血的广告吞噬人性要它作甚？】5月22日上午，在甘肃省白银市景泰县黄河石林景区举行的黄河石林山地马拉松百公里越野赛遭遇极端天气，造成21人遇难。这场夺命的马拉松给大家带来的伤痛尚未消退，就有人却拿此事做文章，打起了广告。#小蓝象用白银越野赛事故图片打广告#据澎湃新闻报道，网传小蓝象品牌一张广告海报上写有“保持干燥、至关重要”“棉织品很吸汗，不容易排出从而加剧失温风险”等字样，宣传文字下方为此前甘肃白银石林山地马拉松百公里越野赛选手包裹着保温毯的照片。6月7日，小蓝象服装有限公司表示，已对涉事广告进行下架处理，目前正在调查此事。小蓝象的这则广告是什么格调？它透露出了商业嗜血的冷酷：广告中“保持干燥、至关重要”“棉织品很吸汗，不容易排出从而加剧失温风险”等字样，配上甘肃白银马拉松越野赛运动员包裹着保温毯的照片，想要说明什么？是想传递一个超强刺激，对其产品留下深刻印象？我们感受到的只是商家的冷酷无情，居然用国人面临生死考验的悲情瞬间来为自己的商业之旅加持护航。看到这样的广告，迎面而来的是一股浓重的血腥味道，让人为之作呕，更激起大众冲天的愤怒。甘肃白银马拉松越野赛事件是一场悲剧，作为有起码良知的公民和企业，都应该对这场悲剧中的运动员、尤其是遇难者给予尊重，这不是什么道德高标准要求，而是社会公序良俗的最低要求。商业运作要寻找卖点，这未可厚非，但是基本的道德底线绝对不能失守。小蓝象的这则广告却连这最基本的道德要求都没有能做到，不是不知，而是有意不为，还以嗜血为荣，以突破道德底线为妙，并且从中牟利，这样的做法完全不是什么广告创意，用老百姓的说法就是没人味儿了，让人不齿。广告不仅是商业经营活动的重要一环，它更是企业形象的外化，是企业责任担当的形象传达。小蓝象的这则广告出炉，冲击了国人的道德底线，对企业自身形象也是一次不小的打击和破坏。这样的广告居然堂而皇之地上架，企业对甘肃白银马拉松越野赛事件这样一场悲剧、甚至对国人生命的价值是什么态度，可谓是昭然若揭，无需多言。对这样的企业，这样的产品，国人自然会用脚投票，无情地将其唾弃。（听堂FM-成都新闻广播评论员李涛）,,,,小蓝象用白银越野赛事故图片打广告,1,1,4,2021-06-08 19:45,iPhone客户端,['http://ww3.sinaimg.cn/large/646bde93gy1grb3iygux0j20u00u0djg.jpg'],,
4645898950807997,Kjg2z3ocd,6083837752,左派英豪,//分享网易新闻:《白银越野赛遇难者梁晶落葬：上百人赴家乡送行，以跑步纪念》O网页链接@网易新闻客户端#网易新闻#,,,网易新闻客户端,网易新闻,0,0,0,2021-06-08 19:34,iPhone客户端,['http://ww4.sinaimg.cn/large/006DJa7mly1grb38i30p7j30hs0ddabi.jpg'],,
4645895796953364,KjfXttaT2,1796086707,听堂FM,【听堂热评|带血的广告吞噬人性要它作甚？】5月22日上午，在甘肃省白银市景泰县黄河石林景区举行的黄河石林山地马拉松百公里越野赛遭遇极端天气，造成21人遇难。这场夺命的马拉松给大家带来的伤痛尚未消退，就有人却拿此事做文章，打起了广告。据澎湃新闻报道，网传小蓝象品牌一张广告海报上写有“保持干燥、至关重要”“棉织品很吸汗，不容易排出从而加剧失温风险”等字样，宣传文字下方为此前甘肃白银石林山地马拉松百公里越野赛选手包裹着保温毯的照片。6月7日，小蓝象服装有限公司表示，已对涉事广告进行下架处理，目前正在调查此事。小蓝象的这则广告是什么格调？它透露出了商业嗜血的冷酷：广告中“保持干燥、至关重要”“棉织品很吸汗，不容易排出从而加剧失温风险”等字样，配上甘肃白银马拉松越野赛运动员包裹着保温毯的照片，想要说明什么？是想传递一个超强刺激，对其产品留下深刻印象？我们感受到的只是商家的冷酷无情，居然用国人面临生死考验的悲情瞬间来为自己的商业之旅加持护航。看到这样的广告，迎面而来的是一股浓重的血腥味道，让人为之作呕，更激起大众冲天的愤怒。甘肃白银马拉松越野赛事件是一场悲剧，作为有起码良知的公民和企业，都应该对这场悲剧中的运动员、尤其是遇难者给予尊重，这不是什么道德高标准要求，而是社会公序良俗的最低要求。商业运作要寻找卖点，这未可厚非，但是基本的道德底线绝对不能失守。小蓝象的这则广告却连这最基本的道德要求都没有能做到，不是不知，而是有意不为，还以嗜血为荣，以突破道德底线为妙，并且从中牟利，这样的做法完全不是什么广告创意，用老百姓的说法就是没人味儿了，让人不齿。广告不仅是商业经营活动的重要一环，它更是企业形象的外化，是企业责任担当的形象传达。小蓝象的这则广告出炉，冲击了国人的道德底线，对企业自身形象也是一次不小的打击和破坏。这样的广告居然堂而皇之地上架，企业对甘肃白银马拉松越野赛事件这样一场悲剧、甚至对国人生命的价值是什么态度，可谓是昭然若揭，无需多言。对这样的企业，这样的产品，国人自然会用脚投票，无情地将其唾弃。（听堂FM-成都新闻广播评论员李涛）,,,,,0,0,2,2021-06-08 19:22,微博 weibo.com,['http://ww2.sinaimg.cn/large/001Xyccrgy1grb2vggrynj60j60j6q3x02.jpg'],,
4645894408901014,KjfVeBlyK,2167650715,来来往往川流不息的,走好！白银越野赛遇难者梁晶落葬：上百人赴家乡送行，以跑步纪念_合肥O网页链接,,,,,3,0,5,2021-06-08 19:16,分享按钮,,,
4645884992422738,KjfG3aagq,1718748203,悠然禺哥,市长撒谎！甘肃白银越野赛事件多数家属并未签署补偿协议书_遇难者O网页链接,,,,,0,0,0,2021-06-08 18:39,分享按钮,['http://ww3.sinaimg.cn/large/6672042bly8grb1mshsl8j20hs0a0jrr.jpg'],,
4645882567591112,KjfC8vQNi,1638782947,新浪财经,【用甘肃马拉松事故照片做广告，涉事服装品牌致歉】针对“用马拉松事故选手照片做海报引争议”一事，6月7日下午，小蓝象排汗内衣官方微博发布致歉：对不起，我们错了！声明称，因该司门店“保持干燥，至关重要”画面素材使用不当，引发公众质疑，已进行整改下架。L时间视频的微博视频O小蓝象用“马拉松事故”打广告，被痛批消费受害者后，品牌方回应,,,,,0,16,45,2021-06-08 18:29,微博视频号,,"http://f.video.weibocdn.com/v1IXW5dhlx07NgMmgbfy01041200bLdj0E010.mp4?label=mp4_ld&template=360x640.25.0&trans_finger=6006a648d0db83b7d9951b3cee381a9c&ori=0&ps=1BVp4ysnknHVZu&Expires=1624610477&ssig=vuOKsLYKhH&KID=unistore,video",
4645880138826434,KjfydB29Q,6706962218,中宏网新闻,【#用越野赛悲惨照片打广告##小蓝象被批无底线#】6月8日，服装品牌小蓝象被推上风口浪尖。网传该品牌一张海报使用“甘肃白银石林山地马拉松”选手照片打广告。不少网友看到直言，消费别人的悲剧，实在是没有底线。6月7日16时许，小蓝象排汗内衣官方微博发布致歉声明称，因该司门店“保持干燥，至关重要”画面素材使用不当，引发公众质疑，已进行整改下架。#用越野赛悲惨照片宣传企业致歉#L中宏网新闻的微博视频,,,,"用越野赛悲惨照片打广告,小蓝象被批无底线,用越野赛悲惨照片宣传企业致歉",1,0,0,2021-06-08 18:20,微博视频号,,"http://f.video.weibocdn.com/4GQn9a4flx07NirVwRlm01041200bP0K0E010.mp4?label=mp4_ld&template=640x360.25.0&trans_finger=6006a648d0db83b7d9951b3cee381a9c&ori=0&ps=1BVp4ysnknHVZu&Expires=1624610477&ssig=R0G74DwZEG&KID=unistore,video",
4645878666626471,KjfvQrNQz,2684891393,Hayngrassyw,今日选题会讲到了关于白银越野赛的报道，实际上越野赛是一个很小型利润并不高，略反商业的一种赛事，与马拉松背道而驰。参赛选手也都非常朴素，以此为生，并不是马拉松的中产群体。由此延展到人们为什么痴迷于极限赛事？现代便捷社会人类的身体基本处于少被使用的状态，运动是一种唤醒，身体的痛苦会带来精神的愉悦，用意志去支持自己达到更大的极限。然而这绝不是一件浪漫的事情，“远方和苟且一样难熬啊”，人类的这种痴迷，这种认死理儿，以及迫于生计压力不得不做的选择，都是实实在在有血有肉的生命故事。聊到这两天的炸号，主编说，“挨打就别求饶”，以及“认怂保平安”已经是一种时代精神。还有瑜伽裤和小镇的选题，也是击中中产之心无处安顿的痛处。故事翻来覆去讲了这么多年，当代生活里兜兜转转，蝗虫般的人们，还是过着如此焦躁又尾随的人生。,,,,,0,0,2,2021-06-08 18:14,人间富贵花iPhone 11 Pro Max,,,
4645877085900641,KjftioL1D,7373111326,正观新闻,"#用马拉松事故照片做广告公司致歉#【#正观黄河评论#用事故悲剧做商业宣传,如此策划只能适得其反】据正观新闻6月7日报道，针对“用甘肃白银越野赛事故图片做宣传”一事，小蓝象排汗内衣官方微博发布致歉声明，称因该司门店画面素材使用不当，引发公众质疑，已进行整改下架；基于此事件带来的不良影响，深表歉意。此前，小蓝象门店被曝使用白银越野赛安全事件的照片做海报，引发了争议。曝光的图片显示，海报上有“保持干燥，至关重要”等文字，底部配图为白银越野赛致21人死亡事故中参赛选手躺在地上抱团取暖的照片。白银越野赛安全事件是一起悲剧，172人参加，21人死亡。如今事发不过半个多月，很多人都还沉浸在悲痛之中，而小蓝象门店为了商业利益，竟拿该事件的照片做宣传海报，堂而皇之地对外传播。如此做法，是对生命的亵渎，是在啃“人血馒头”，令人痛恶。同时也令人不解，该门店为什么会创作出这样有违公序良俗的海报？从曝出的海报来看，涉事门店所宣传的产品为排汗内衣，主要卖点是吸汗，可保持干燥，降低失温风险。这一卖点，与白银越野赛选手失温一幕似乎很匹配。或许正因如此，涉事门店将白银越野赛选手照片用作宣传海报。但问题是，看到选手失温这一幕，大多数人首先想到的不是商品，而是一条条鲜活的生命。用这样的照片做海报，非但不能让人产生购买欲望，反而会勾起人们的伤痛。其意义何在？难道为了蹭热点，就能不要商业原则，就能突破道德底线？显然，涉事门店用越野赛选手照片做海报全无道理可言，受舆论谴责一点不冤。而作为直接管理方，小蓝象公司也难辞其咎，公开道歉是必然的。但一句“对不起，我们错了”以及“整改下架”的补救措施恐怕难以平息争议，也很难抹平海报给人们带来的伤害。虽然小蓝象公司在道歉声明中声称将“深刻反思，完善内容审查机制，杜绝类似事件再次发生”，但究竟能反思到什么程度，能否避免再犯类似错误，犹未可知。要知道，这已不是小蓝象第一次在广告宣传上犯错。企查查APP显示，早在2016年2月，该公司就因广告违法被罚17万元。类似的错误，一犯再犯，小蓝象真该自查自省了，否则不仅法律不答应，舆论也不能容许。小蓝象门店海报事件是个广泛提醒，广告宣传可以蹭热点，但必须受法律和道德约束，不能无底线。因此，所有企业都应引以为鉴，对所有面向公众的广告宣传内容等严格把关，不能再出现小蓝象门店这样啃“人血馒头”的海报了。当然了，杜绝类似事件，也离不开相关部门的监管和社会监督。（正观评论员陈若松）#小蓝象用白银越野赛事故图片打广告#",,,,"用马拉松事故照片做广告公司致歉,正观黄河评论,小蓝象用白银越野赛事故图片打广告",0,0,2,2021-06-08 18:07,微博 weibo.com,"['http://ww1.sinaimg.cn/large/0082YP4qly1grb0pbgomwj30go0jyq3k.jpg', 'http://ww2.sinaimg.cn/large/0082YP4qly1grb0pbew1rj30c80ja0tb.jpg']",,
4645876902134334,Kjft08XeK,7501230391,正观-黄河评论,【商家用白银越野赛事故图打广告，如此策划只能适得其反】白银越野赛安全事件是一起悲剧，172人参加，21人死亡。如今事发不过半个多月，很多人都还沉浸在悲痛之中，而小蓝象门店为了商业利益，竟拿该事件的照片做宣传海报，堂而皇之地对外传播。如此做法，是对生命的亵渎，是在啃“人血馒头”，令人痛恶。同时也令人不解，该门店为什么会创作出这样有违公序良俗的海报？从曝出的海报来看，涉事门店所宣传的产品为排汗内衣，主要卖点是吸汗，可保持干燥，降低失温风险。这一卖点，与白银越野赛选手失温一幕似乎很匹配。或许正因如此，涉事门店将白银越野赛选手照片用作宣传海报。但问题是，看到选手失温这一幕，大多数人首先想到的不是商品，而是一条条鲜活的生命。用这样的照片做海报，非但不能让人产生购买欲望，反而会勾起人们的伤痛。其意义何在？难道为了蹭热点，就能不要商业原则，就能突破道德底线？显然，涉事门店用越野赛选手照片做海报全无道理可言，受舆论谴责一点不冤。而作为直接管理方，小蓝象公司也难辞其咎，公开道歉是必然的。但一句“对不起，我们错了”以及“整改下架”的补救措施恐怕难以平息争议，也很难抹平海报给人们带来的伤害。虽然小蓝象公司在道歉声明中声称将“深刻反思，完善内容审查机制，杜绝类似事件再次发生”，但究竟能反思到什么程度，能否避免再犯类似错误，犹未可知。要知道，这已不是小蓝象第一次在广告宣传上犯错。企查查APP显示，早在2016年2月，该公司就因广告违法被罚17万元。类似的错误，一犯再犯，小蓝象真该自查自省了，否则不仅法律不答应，舆论也不能容许。小蓝象门店海报事件是个广泛提醒，广告宣传可以蹭热点，但必须受法律和道德约束，不能无底线。因此，所有企业都应引以为鉴，对所有面向公众的广告宣传内容等严格把关，不能再出现小蓝象门店这样啃“人血馒头”的海报了。当然了，杜绝类似事件，也离不开相关部门的监管和社会监督。#商家用白银越野赛事故图片做广告##如何看待商家用灾难事故打广告#（正观评论员陈若松）,,,,"商家用白银越野赛事故图片做广告,如何看待商家用灾难事故打广告",0,0,3,2021-06-08 18:07,微博 weibo.com,"['http://ww4.sinaimg.cn/large/008bEoGXly1grb0o7py2gj30go0jyq3k.jpg', 'http://ww3.sinaimg.cn/large/008bEoGXly1grb0o7pwovj30c80ja0tb.jpg', 'http://ww1.sinaimg.cn/large/008bEoGXly1grb0o7q438j30c80eqmy0.jpg']",,
4645512793559051,Kj5ZJeVS3,1646051850,新京报贝壳财经,【#小蓝象就广告中用白银越野事故图片致歉#】#用越野赛悲惨照片宣传企业致歉#近日，网曝北京朝阳大悦城小蓝象儿童排汗睡衣店，用甘肃白银越野赛事故图片做广告。小蓝象门口的宣传海报上写着“只顾保暖，而忽略了大量出汗引起的失温风险”等字样，底部图片是白银越野赛参赛选手躺在地上抱团取暖的照片。7日，@时间视频实地探访小蓝象，店员称，海报是公司寄到门店，让他们摆上的，因接到投诉现已撤下，会向公司反馈。商场一位运营部经理表示，将联系小蓝象公司了解情况。7日下午，小蓝象发布致歉信，因该司门店“保持干燥，至关重要”画面素材使用不当，引发公众质疑，已进行整改下架。#小蓝象用白银越野赛事故图片打广告#L时间视频的微博视频,,,时间视频,"小蓝象就广告中用白银越野事故图片致歉,用越野赛悲惨照片宣传企业致歉,小蓝象用白银越野赛事故图片打广告",50,111,1455,2021-06-07 18:00,微博视频号,,"http://f.video.weibocdn.com/v1IXW5dhlx07NgMmgbfy01041200bLdj0E010.mp4?label=mp4_ld&template=360x640.25.0&trans_finger=6006a648d0db83b7d9951b3cee381a9c&ori=0&ps=1BVp4ysnknHVZu&Expires=1624610477&ssig=vuOKsLYKhH&KID=unistore,video",
4645876653626292,KjfsBfdmA,6503020227,段丽琼3141,//@爸爸我来给你暖手了:#甘肃山地马拉松事故21人遇难#我们都已经这么惨了，为什么还要消费我们？@小蓝象排汗内衣#小蓝象用白银越野赛事故图片打广告#,,,"爸爸我来给你暖手了,小蓝象排汗内衣","甘肃山地马拉松事故21人遇难,小蓝象用白银越野赛事故图片打广告",0,0,0,2021-06-08 18:06,OPPO智能手机,,,4645512793559051
4645874779032828,KjfpzBTQM,2740584771,曹县人民检察院,【#沙腕60秒#|践踏商业伦理的小蓝象，得为自己的粗鲁埋单】白银山地越野赛酿成21人死亡的重大事故，成为很多人难以痊愈的伤痛。让人始料不及的是，有企业竟然以事故现场图片做商业营销。日前，小蓝象服装发布一张棉织品吸汗的海报，宣传文字下方是白银越野赛选手包裹在保温毯下艰难求生的照片。在互联网时代，确实有不少人舍掉脸面，赚得盆满钵满。商家道歉之后，监管必须跟进处罚。运动需要保持干燥，营销需要保持善良。L果然视频的微博视频,,,,沙腕60秒,0,1,2,2021-06-08 17:58,微博视频号,,"http://f.video.weibocdn.com/NvcMSBaOlx07NiwmNH1u0104120062OS0E010.mp4?label=mp4_ld&template=640x360.25.0&trans_finger=6006a648d0db83b7d9951b3cee381a9c&ori=0&ps=1BVp4ysnknHVZu&Expires=1624610477&ssig=H%2BsNeIZw54&KID=unistore,video",
4645873306829735,KjfncsEJ1,6357456494,果然视频,【#沙腕60秒#|践踏商业伦理的小蓝象，得为自己的粗鲁埋单】白银山地越野赛酿成21人死亡的重大事故，成为很多人难以痊愈的伤痛。让人始料不及的是，有企业竟然以事故现场图片做商业营销。日前，小蓝象服装发布一张棉织品吸汗的海报，宣传文字下方是白银越野赛选手包裹在保温毯下艰难求生的照片。在互联网时代，确实有不少人舍掉脸面，赚得盆满钵满。商家道歉之后，监管必须跟进处罚。运动需要保持干燥，营销需要保持善良。L果然视频的微博视频,,,,沙腕60秒,0,0,1,2021-06-08 17:52,微博视频号,,"http://f.video.weibocdn.com/NvcMSBaOlx07NiwmNH1u0104120062OS0E010.mp4?label=mp4_ld&template=640x360.25.0&trans_finger=6006a648d0db83b7d9951b3cee381a9c&ori=0&ps=1BVp4ysnknHVZu&Expires=1624610477&ssig=H%2BsNeIZw54&KID=unistore,video",
4645477503474930,Kj54OezZg,6250824982,时间视频,#用越野赛悲惨照片宣传企业致歉#【还有没有底线？！北京朝阳大悦城一#商家用白银越野赛事故图片做广告#】近日，网曝北京朝阳大悦城小蓝象儿童排汗睡衣店，用甘肃白银越野赛事故图片做广告。小蓝象门口的宣传海报上写着“只顾保暖，而忽略了大量出汗引起的失温风险”等字样，底部图片是白银越野赛参赛选手躺在地上抱团取暖的照片。7日，@时间视频 实地探访小蓝象，店员称，海报是公司寄到门店，让他们摆上的，因接到投诉现已撤下，会向公司反馈。商场一位运营部经理表示，将联系小蓝象公司了解情况。L时间视频的微博视频,,,时间视频,"用越野赛悲惨照片宣传企业致歉,商家用白银越野赛事故图片做广告",17,32,236,2021-06-07 15:40,微博视频号,,"http://f.video.weibocdn.com/v1IXW5dhlx07NgMmgbfy01041200bLdj0E010.mp4?label=mp4_ld&template=360x640.25.0&trans_finger=6006a648d0db83b7d9951b3cee381a9c&ori=0&ps=1BVp4ysnknHVZu&Expires=1624610477&ssig=vuOKsLYKhH&KID=unistore,video",
4645864624099121,Kjf9chcmR,6790611146,微博全民知识节,//@头条教育://@微博艺考加油站:转发微博,,,"头条教育,微博艺考加油站",,0,0,0,2021-06-08 17:18,Redmi K30 全速热爱,,,4645477503474930
4645854462607463,KjeSOaWjR,1718748203,悠然禺哥,白银越野赛遇难者梁晶落葬：上百人赴家乡送行，以跑步纪念_合肥O网页链接,,,,,0,0,0,2021-06-08 16:38,分享按钮,['http://ww1.sinaimg.cn/large/6672042bly8gray4k5urzj20u00mjgom.jpg'],,
4645848636719492,KjeJpsc2U,1479040710,河南法制报,【用越野赛悲惨照片宣传企业致歉】此前，网曝北京朝阳大悦城小蓝象儿童排汗睡衣店的宣传海报上写着“只顾保暖，而忽略了大量出汗引起的失温风险”等字样，底部图片是白银越野赛参赛选手躺在地上抱团取暖的照片。7日，小蓝象发布致歉信称，因该司门店“保持干燥，至关重要”画面素材使用不当，引发公众质疑，已进行整改下架。（澎湃新闻）⑦,,,,,0,0,1,2021-06-08 16:14,微博 weibo.com,['http://ww4.sinaimg.cn/large/58285ec6ly1graxgbn2wqj20c80hnn05.jpg'],,
4645846282405381,KjeFCa5Kt,7614107637,残联工作人员,舆情分析甘肃山地马拉松21人遇难事件舆情分析事件回顾：2021年5月22日，甘肃省白银市景泰县举办2021（第四届）黄河石林山地马拉松百公里越野赛暨乡村振兴健康跑在黄河石林景区举行，共有近万人参加比赛和健康跑，其中172名参加百公里越野跑。在比赛中，突遇极端天气：冰雹冻雨大风，比赛人员出现身体不适、失温情况，官方也采取紧急救援，此次比赛共计21名参赛人员死亡。死亡率高达12.2%。媒体关注：2021年5月22日这一天被人们称为“中国跑圈最黑暗的一天”。事发后，甘肃山地马拉松参赛选手在公众号“流落南方”发文自述当天经历：滞留在山上的选手，有人失温后失去意识，有人在避风处报团取暖，有人gps位置数小时未移动过，且部分电话无信号，无法取得联系……(央视网：甘肃山地马拉松事故21人遇难，“天灾”与“人祸”各占几分？)舆论观点：保暖设备不足是导致选手失温的直接原因……，然而在白银这场西北高海拔山区举办的赛事中，冲锋衣仅仅作为“建议装备”写进了赛事手册。—央视网官方回应：2021年5月23日，黄河石林山地马拉松百公里越野赛失联救援指挥部召开新闻发布会，甘肃省白银市市长张旭晨通报相关情况。张旭晨在会上表示，本次事件是一起因局部天气突变发生的公共安全事件，省委省政府已成立事件调查组，对事件原因进行进一步深入调查。他说：“在此，作为赛事主办方，我们深感内疚和自责，并对遇难人员表示沉痛哀悼，对遇难者家属和受伤人员表示深切慰问。”（单位：开封市鼓楼区残联姓名：李硕联系电话：22681965）,,,,,0,0,1,2021-06-08 16:05,360安全浏览器,,,
4645843585732131,KjeBgo3bJ,7617996058,用户7617996058,《泪目！“跑神”梁晶“回家”了！|马拉松|越野赛|超马|梁晶|东至县_手机网易网》2021年5月22日至暗的日子噩耗传来全县震惊在甘肃省白银市景泰县举办的第四届黄河石林山地马拉松百公里越野赛中，由于遭遇极端天气，参赛的172名选手中，有21人不幸遇难。O泪目！“跑神”梁晶“回家”了！,,,,,0,0,0,2021-06-08 15:54,百度App,['http://ww2.sinaimg.cn/large/008jykMagy1grawva041yj30hs0alwfr.jpg'],,
4645822253500301,Kje2ReGAt,5890672121,搜狐新闻,【独家|白银越野赛遇难者梁晶落葬：“他让人看到每个平凡人都有无限可能”】6月5日中午12:23，客机提前降落合肥机场。没有仪式，没有发言，梁晶的父母、妻儿、师父登上考斯特中巴车。不断有人从窗外递花进来，一束又一束，放满了车辆最后一排座位。一些人哭了起来。中巴车一路向南，驶向300公里外的池州市东至县，梁晶的故乡。31岁的梁晶，是国内最富盛名的超马跑者，国际越野跑协会积分亚洲排名第一。常年在外征战，他结识更多外地跑友。此刻，朋友们正在各条高速公路上，驶往他的家乡。人们绝不仅仅因为他的声名聚集到这里。讲起梁晶的故事，很多人说到同一个词，“梁晶精神”，指他身上的那股坚韧、拼命。一些人将他称为“越野界的科比”——这位篮球巨星同样以严苛的自我训练闻名，也同样死于意外。在杭州，他曾经24小时跑了267公里。业内人士更多视作后天训练的结果。过去一年，他跑坏了合肥一家健身房两台机器。“他让大家看到，每一个平凡的人，只要肯去坚持拼搏，都有无限潜力和可能，梁晶影响和带动了我们很多跑友去挑战超马和长距离越野。”杭州越野跑业余选手郭路说。最终有近40辆汽车汇成上百米的移动车龙，引发了小型的交通堵塞。过路车辆纷纷停下，让出道路。镇上的居民站在路边，屋檐下，静默着望向车队。那场事故后，小镇几乎所有人都知道，这里走出了中国越野赛领军人物。最后一公里村路，车队停了下来，人们下车步行。梁晶妻子走在最前面，捧着金色织布包裹的骨灰盒。她也是一名长跑运动员，泪水已经流完了，只剩下憔悴。徒弟抱着女儿“八百”走在第二排。她两岁，梳个小辫子。小八百满月时，梁晶拿出了他职业生涯里的最大奖励，2019年赢得的一块1公斤金砖，当众宣布，“这就是我女儿以后的嫁妆！”八百，这个小名来自梁晶2018年参加的八百里流沙赛。比赛不设奖金，但因为难度引得高手竞争。教练魏彪回忆，为了追求速度，梁晶总是舍弃专业的越野跑鞋，穿更轻便的路跑鞋，有次跑到两百多公里，赛事顾问不放心，强行打开那双系着双重死扣的鞋检查，惊讶地看到，里面倒出半公斤的沙子。最终他拿了冠军，成绩85小时46分43秒，名字被刻在一座烽燧上。夺冠后，梁晶很激动，在台上说赛后感言，说个没停，妻子在台下，双手合十，示意他不要再讲了。这时的梁晶，不再是年轻时那个腼腆、沉默的男孩。他自己说，是跑步改变了他，让他从一个眼睛从来不敢与人对视的自己，走路不敢走在前面的人，变得有主见，有想法，有自信，有梦想。梁晶也曾说，没想过会拥有自己的房子，有自己的老婆和孩子。是跑步给予了他一切。那天在黄河石林，梁晶也跑在最前面。他的手表显示，他从15分钟一公里，降速到20分钟一公里，又降到57分钟一公里。13:08，心率停止了，几分钟前，他还挪动了四步。5月22日夜里，人们发现了他的遗体，在一个山头下的坡面。人们不厌其烦谈起梁晶的种种细节。这让人觉得，他们逝去的不仅仅是一个顶尖跑者，也是自己心中的某种信念，那是一个淳朴的普通男孩，用超越常人的努力赢得了一切。6月7日上午，梁晶也落葬了。人们在棺木里装了几套运动服、跑鞋，还有他生前喜欢的象棋，合棺前，梁晶的徒弟又放进去一个急救包，想着他到那边也要继续跑下去的。八个男人抬着，走向了另一片原野。#洞见计划#O网页链接,,,,洞见计划,256,112,1344,2021-06-08 14:30,微博 weibo.com,['http://ww1.sinaimg.cn/large/006qEEUFly1grase6hn0qj30gwcml1l2.jpg'],,
4645838125273973,Kjessm805,3682381961,我直接拜拜咯,白银连环杀人案，白银越野赛事故，这个地方就该被钉在历史的耻辱柱上。,,,,,0,0,0,2021-06-08 15:33,微博 weibo.com,,,4645822253500301
4645837135677024,KjeqRnOQU,5535517953,左可心25618,有没有#底线！近日#北京北京朝阳大悦城小蓝象儿童排汗睡衣店用#甘肃白银越野赛事故图片做广告，接到投诉后已撤下。##快手#@快手L时间视频的快手视频,,,快手,"底线 ！近日,甘肃白银越野赛 事故图片做广告，接到投诉后已撤下。 ,快手",0,0,1,2021-06-08 15:29,快手,,http://www.kuaishou.com/rest/kd/partner/weibo/linkcard/video?p=3xzr5ekxyn3b7w4&a=3xp7cughuxajtcm&f=3xun6pdzaem7jce&kpn=KUAISHOU&subBiz=BROWSE_SLIDE_PHOTO&shareChannel=weibo&shareMethod=card&shareObjectId=5224457091654549299&shareResourceType=PHOTO_OTHER&shareToken=X-5aG1r2bnQKFmyD_A,
4645833095513737,Kjekln8nf,6384815718,用户6384815718,白银越野赛遇难者梁晶落葬：上百人赴家乡送行，以跑步纪念_合肥O网页链接,,,,,0,0,0,2021-06-08 15:13,分享按钮,,,
4645827828516884,KjebQzJD6,6884074313,用户6884074313,这让人觉得，他们逝去的不仅仅是一个顶尖跑者，也是自己心中的某种信念，那是一个淳朴的普通男孩，用超越常人的努力赢得了一切。🙏【白银越野赛遇难者梁晶落葬：上百人赴家乡送行，以跑步纪念_手机搜狐网】，分享给你，一起看吧！O白银越野赛遇难者梁晶落葬：上百人赴家乡送行，以跑步纪念,,,,,0,0,0,2021-06-08 14:52,华为手机,,,
4645605412180009,Kj8p7997r,1074273855,赵林-甘露公益,#小蓝象用白银越野赛事故图片打广告#小蓝象，你们是儿童睡衣系列，为何牵强附会的拉上马拉松事故做广告呢？《广告法》规定第三条　广告应当真实、合法，以健康的表现形式表达广告内容，符合社会主义精神文明建设和弘扬中华民族优秀传统文化的要求。第四条　广告不得含有虚假或者引人误解的内容，不得欺骗、误导消费者。第二十八条　广告以虚假或者引人误解的内容欺骗、误导消费者的，构成虚假广告。第六十九条　广告主、广告经营者、广告发布者违反本法规定，有下列侵权行为之一的，依法承担民事责任：（四）在广告中未经同意使用他人名义或者形象的；近日，网曝北京朝阳大悦城小蓝象儿童排汗睡衣店，用甘肃白银越野赛事故图片做广告。小蓝象门口的宣传海报上写着“只顾保暖，而忽略了大量出汗引起的失温风险”等字样，底部图片是白银越野赛参赛选手躺在地上抱团取暖的照片。7日，@时间视频 实地探访小蓝象，店员称，海报是公司寄到门店，让他们摆上的，因接到投诉现已撤下，会向公司反馈。商场一位运营部经理表示，将联系小蓝象公司了解情况。L赵林-甘露公益的微博视频,,,时间视频,小蓝象用白银越野赛事故图片打广告,2,6,5,2021-06-08 00:08,博爱精神超话,,"http://f.video.weibocdn.com/YO2ORZanlx07NhlgmoWk01041200c1cH0E010.mp4?label=mp4_ld&template=360x640.25.0&trans_finger=6006a648d0db83b7d9951b3cee381a9c&ori=0&ps=1BVp4ysnknHVZu&Expires=1624610490&ssig=st7dcIy3Ty&KID=unistore,video",
4645822434904741,Kje39kzWJ,5563866194,佛系时尚,#小蓝象用白银越野赛事故图片打广告#,,,,小蓝象用白银越野赛事故图片打广告,0,0,0,2021-06-08 14:30,OPPO Reno4 Pro 5G,,,4645605412180009
4645820610381147,Kje0d1B9x,5767239818,Beliefvon,"【白银牧羊人朱克铭救下6名越野赛选手，当地启动见义勇为申报】#当地为牧羊人朱克铭申报见义勇为#5月25日，澎湃新闻从甘肃省白银市见义勇为协会获悉，该协会已经关注到牧羊人朱克铭救助6名越野赛选手的事迹。目前，他们已经启动相关程序。“见义勇为行为的认定在县、区一级的见义勇为协会、政法部门（开展），目前也已启动相关工作了。”前述见义勇为协会相关工作人员介绍，至于朱克铭能否获评为见义勇为，需按照国家和甘肃省《奖励和保护见义勇为人员条例》相关规定进行认定。O白银牧羊人朱克铭救下6名越野赛选手，当地启动见义勇为申报L澎湃新闻的微博视频OnMay25,ThePaperlearnedfromtheGreatSamaritansAssociationinBaiyin,GansuProvince,thattheassociationhaspaidattentiontotherescueofsixcross-countryrunnersbyashepherdnamedZhuKeming.Atpresent,theyhavestartedtherelevantprocedures.""Voluntaryfelon-fightingassociationsatthecountyanddistrictlevels,aswellaspoliticalandlegaldepartments,havealsostartedrelevantwork,""hesaid.AccordingtotheaforesaidrelevantstaffoftheVFF,whetherZhuKemingcanbeawardedasaVFFneedstobeidentifiedinaccordancewiththerelevantprovisionsoftheRegulationsonRewardingandProtectionofVFFoftheStateandGansuProvince.O白银牧羊人朱克铭救下6名越野赛选手，当地启动见义勇为申报L澎湃新闻的微博视频[/cp]",,,,当地为牧羊人朱克铭申报见义勇为,0,3,2,2021-06-08 14:23,Android,,"http://f.video.weibocdn.com/Id9bzaw4lx07MUYCWQZi01041200NG770E010.mp4?label=mp4_ld&template=640x360.25.0&trans_finger=40a32e8439c5409a63ccf853562a60ef&ori=0&ps=1BVp4ysnknHVZu&Expires=1624610490&ssig=VXJp%2F1hNem&KID=unistore,video",
4645819234649586,KjdXZjvzk,1842106923,爱锦州官方微博,爱锦州【#用越野赛悲惨照片宣传企业致歉#】#企业用白银越野赛事件照片宣传#近日，小蓝象门店被曝使用白银越野赛安全事件的照片做海报，引发广泛关注。6月7日，小蓝象排汗内衣官方微博发布致歉声明称，因该司门店“保持干燥，至关重要”画面素材使用不当，引发公众质疑，已进行整改下架。“基于此事件带来的不良影响，深表歉意:我们错了，对不起。我司感谢社会及大众的监督，同时深刻反思，完善内容审查机制，杜绝类似事件再次发生；将以更严谨的态度与更负责任的精神，服务消费者与回馈社会。”#考完语文该不该对答案##古代社交有哪些忌讳##被男家长私下夸漂亮是性骚扰吗##国足踢菲律宾是生死战吗##芯片价格为什么持续飙涨##给高考生写一句话##见过最高情商的差评##如何看待WWDC2021##卫生巾上发现针头哪些点值得关注#（全媒体编辑：李怡芳来源：中国新闻网）,,,,"用越野赛悲惨照片宣传企业致歉,企业用白银越野赛事件照片宣传,考完语文该不该对答案,古代社交有哪些忌讳,被男家长私下夸漂亮是性骚扰吗,国足踢菲律宾是生死战吗,芯片价格为什么持续飙涨,给高考生写一句话,见过最高情商的差评,如何看待WWDC2021,卫生巾上发现针头哪些点值得关注",0,0,0,2021-06-08 14:18,微博 weibo.com,['http://ww1.sinaimg.cn/large/6dcc522bly1gra2dd4bw5j20c80hawex.jpg'],,
4645814704018848,KjdQGgRu8,2342024544,ETtoday新聞雲,【用21死夺命马拉松选手照宣传！童装名牌小蓝象挨轰】O网页链接被称为大陆童装「爱马仕」的上海小蓝象儿童排汗睡衣店近日遭民众爆料，在门市的广告上使用21人遇难的甘肃白银越野赛选手抱团取暖的照片，文稿还称，「吸汗快、排汗快、干爽快，选择速干排汗的内衣，避免失温风险。」引起外界炮轰，直指该公司为了行销「毫无底线」。事后，小蓝象排汗内衣官方微博发文向外界致歉，「因我司门店『保持干燥，至关重要』画面素材使用不当，引发公众关注及质疑，对此我司高度重视，于第一时间进行整改下架。基于此事件带来的不良影响，深表歉意：我们错了，对不起。」L时间视频的微博视频(paper这就过分了)#用越野赛悲惨照片宣传企业致歉##商家用白银越野赛事故图片做广告##小蓝象用白银越野赛事故图片打广告#,,,,"用越野赛悲惨照片宣传企业致歉,商家用白银越野赛事故图片做广告,小蓝象用白银越野赛事故图片打广告",2,4,2,2021-06-08 14:00,微博视频号,,"http://f.video.weibocdn.com/v1IXW5dhlx07NgMmgbfy01041200bLdj0E010.mp4?label=mp4_ld&template=360x640.25.0&trans_finger=6006a648d0db83b7d9951b3cee381a9c&ori=0&ps=1BVp4ysnknHVZu&Expires=1624610490&ssig=Y9UqrxQD4D&KID=unistore,video",
4645813663305638,KjdP0dRWK,2395871452,一本呆喵,【白银越野赛遇难者梁晶落葬：上百人赴家乡送行，以跑步纪念】这是一场民间自发组织的纪念活动。人们说，希望能留住梁晶精神。跑长跑的人才明白它意味着什么。O网页链接（分享自@抽屉新热榜）,,,抽屉新热榜,,0,0,0,2021-06-08 13:55,抽屉网,,,
4645794680150061,Kjdko0D2l,1404789203,股市水货的微博,这些杂碎，要的就是这种无耻的效果。///商家用白银越野赛事故图打广告？道歉来了！O商家用白银越野赛事故图打广告？道歉来了！,,,,,0,0,0,2021-06-08 12:40,分享按钮,,,
4645792055301106,Kjdg9mf3I,1726918143,中国青年报,【#商家用白银越野赛事故图打广告#？道歉来了！】6月7日，上海小蓝象服装有限公司官方微博发文道歉，称因该公司门店“保持干燥，至关重要”画面素材使用不当，引发公众关注及质疑，对此该公司高度重视，于第一时间整改下架。据悉，6月6日，北京朝阳大悦城小蓝象儿童排汗睡衣店被曝使用有21人遇难的甘肃白银越野赛公共安全事件图片做广告。网友质疑，用苦难照片打广告，此举不尊重事故遭遇者，为了营销“毫无底线”。O热点|商家用白银越野赛事故图打广告？道歉来了！,,,,商家用白银越野赛事故图打广告,4,1,20,2021-06-08 12:30,微博 weibo.com,"['http://ww3.sinaimg.cn/large/001SRYirly1graqf98h7dj60c80ejdgj02.jpg', 'http://ww4.sinaimg.cn/large/001SRYirly1graqfops12j60hc0e243b02.jpg']",,
4645785339695660,Kjd5jEGhC,3978032835,煜炘666,用越野赛悲惨照片宣传企业致歉此前，网曝北京朝阳大悦城小蓝象儿童排汗睡衣店的宣传海报上写着“只顾保暖，而忽略了大量出汗引起的失温风险”等字样，底部图片是白银越野赛参赛选手躺在地上抱团取暖的照片。7日，小蓝象发布致歉信称，因该司门店“保持干燥，至关重要”画面素材使用不当，引发公众质疑，已进行整改下架。,,,,,0,0,0,2021-06-08 12:03,HUAWEI P30 Pro,,,
4645784924720476,Kjd4EjO0I,3739107407,房地人家,【服装公司吃人血馒头？】网传小蓝象品牌一张广告海报上写有“保持干燥、至关重要”“棉织品很吸汗，不容易排出从而加剧失温风险”等字样，宣传文字下方为此前甘肃白银石林山地马拉松百公里越野赛选手包裹着保温毯的照片。广告用马拉松事故照片作配图，引发争议。网友留言：“又冒出来一个想用人血馒头来治痨病的“”這是在吃人血饅頭”,,,,,0,0,0,2021-06-08 12:01,新版微博 weibo.com,,,
4645778339398234,KjcU1DqUq,6285461671,心的小卖店,有没有底线！近日北京北京朝阳大悦城小蓝象儿童排汗睡衣店用甘肃白银越野赛事故图片做广告，接到投诉后已撤下#视频制作人出道计划##吸睛制作人计划#L心的小卖店的微博视频,,,,"视频制作人出道计划,吸睛制作人计划",0,0,0,2021-06-08 11:35,微博视频号,,"http://f.video.weibocdn.com/HqpwAGbQlx07Ni6s6BGU010412002VRT0E010.mp4?label=mp4_ld&template=360x640.24.0&trans_finger=81b11b8c5ffb62d33ceb3244bdd17e7b&ori=0&ps=1BVp4ysnknHVZu&Expires=1624610490&ssig=Ny%2FPDmruE%2F&KID=unistore,video",
4645776318006130,KjcQLxAL8,3569300367,新津检察,【#用越野赛悲惨照片宣传企业致歉#】#企业用白银越野赛事件照片宣传#近日，小蓝象门店被曝使用白银越野赛安全事件的照片做海报，引发广泛关注。6月7日，小蓝象排汗内衣官方微博发布致歉声明称，因该司门店“保持干燥，至关重要”画面素材使用不当，引发公众质疑，已进行整改下架。“基于此事件带来的不良影响，深表歉意:我们错了，对不起。我司感谢社会及大众的监督，同时深刻反思，完善内容审查机制，杜绝类似事件再次发生；将以更严谨的态度与更负责任的精神，服务消费者与回馈社会。,,,,"用越野赛悲惨照片宣传企业致歉,企业用白银越野赛事件照片宣传",0,0,0,2021-06-08 11:27,360安全浏览器,,,
4645774653392947,KjcO5eeEX,5553121725,大兴安岭检察分院,【#小蓝象就广告中用白银越野事故图片致歉#】近日，网曝北京朝阳大悦城小蓝象儿童排汗睡衣店，用甘肃白银越野赛事故图片做广告。小蓝象门口的宣传海报上写着“只顾保暖，而忽略了大量出汗引起的失温风险”等字样，底部图片是白银越野赛参赛选手躺在地上抱团取暖的照片。7日，@时间视频实地探访小蓝象，店员称，海报是公司寄到门店，让他们摆上的，因接到投诉现已撤下，会向公司反馈。商场一位运营部经理表示，将联系小蓝象公司了解情况。7日下午，小蓝象发布致歉信，因该司门店“保持干燥，至关重要”画面素材使用不当，引发公众质疑，已进行整改下架。#小蓝象用白银越野赛事故图片打广告#L时间视频的微博视频,,,时间视频,"小蓝象就广告中用白银越野事故图片致歉,小蓝象用白银越野赛事故图片打广告",0,4,1,2021-06-08 11:20,微博视频号,,"http://f.video.weibocdn.com/v1IXW5dhlx07NgMmgbfy01041200bLdj0E010.mp4?label=mp4_ld&template=360x640.25.0&trans_finger=6006a648d0db83b7d9951b3cee381a9c&ori=0&ps=1BVp4ysnknHVZu&Expires=1624610490&ssig=Y9UqrxQD4D&KID=unistore,video",
4645771841897315,KjcJy7XzR,7587291580,一市财经,#商家用白银越野赛事故图片做广告##如何看待商家用灾难事故打广告#【商家用白银越野赛事故图打广告？道歉来了！】6月7日，上海小蓝象服装有限公司官方微博发文道歉，称因该公司门店“保持干燥，至关重要”画面素材使用不当，引发公众关注及质疑，对此该公司高度重视，于第一时间整改下架。　　据悉，6月6日，北京朝阳大悦城小蓝象儿童排汗睡衣店被曝使用有21人遇难的甘肃白银越野赛公共安全事件图片做广告。　在该店一张宣传排汗材料的海报上，写着“只顾保暖，而忽略了大量出汗引起的失温风险”等字样，底部图片是5月白银越野赛遭遇极端天气后参赛选手在地上抱团取暖的照片。此举被质疑不尊重事故遇难者和伤者，为了营销“毫无底线”。　　6月7日，@时间视频实地探访小蓝象门店，店员称，海报是公司寄到门店，让他们摆上的，因接到投诉，商场已通知该门店撤下海报，具体情况会向公司反馈。据央视报道，今年5月22日，2021(第四届)黄河石林山地马拉松百公里越野赛暨乡村振兴健康跑在黄河石林景区举行，172名参赛人员参加了百公里越野赛，比赛中遭遇极端天气，共致21人遇难、8人受伤。　　网友质疑，用苦难照片打广告，此举不尊重事故遭遇者，为了营销“毫无底线”。,,,时间视频,"商家用白银越野赛事故图片做广告,如何看待商家用灾难事故打广告",0,0,0,2021-06-08 11:09,Android,"['http://ww2.sinaimg.cn/large/008htv8Ely1graomxf5vhj30go0jy42k.jpg', 'http://ww2.sinaimg.cn/large/008htv8Ely1graomxx5b7j30c50ejdmt.jpg', 'http://ww3.sinaimg.cn/large/008htv8Ely1graomyao18j30c80jaagd.jpg', 'http://ww2.sinaimg.cn/large/008htv8Ely1graomys2r6j30go0dqwjd.jpg']",,
4645767702643347,KjcCSb5ED,5758392475,易燃易爆炸的小蛋挞,追逐利益，消费逝者//@爸爸我来给你暖手了:#甘肃山地马拉松事故21人遇难#我们都已经这么惨了，为什么还要消费我们？@小蓝象排汗内衣#小蓝象用白银越野赛事故图片打广告#,,,"爸爸我来给你暖手了,小蓝象排汗内衣","甘肃山地马拉松事故21人遇难,小蓝象用白银越野赛事故图片打广告",2,4,4,2021-06-08 10:53,荣耀V10 我AI的快,,,4645512793559051
4645766067127891,KjcAetUhZ,6316344897,独行骑士·Lwf,商家用白银越野赛事故图打广告？道歉来了O网页链接,,,,,0,0,0,2021-06-08 10:46,人民日报客户端,['http://ww4.sinaimg.cn/large/006TsJQBly1granz341rnj30jg0jgwfs.jpg'],,
4645762073890625,KjctNgk81,5496571663,花山检察,【#用越野赛悲惨照片宣传企业致歉#】#企业用白银越野赛事件照片宣传#近日，小蓝象门店被曝使用白银越野赛安全事件的照片做海报，引发广泛关注。6月7日，小蓝象排汗内衣官方微博发布致歉声明称，因该司门店“保持干燥，至关重要”画面素材使用不当，引发公众质疑，已进行整改下架。“基于此事件带来的不良影响，深表歉意:我们错了，对不起。我司感谢社会及大众的监督，同时深刻反思，完善内容审查机制，杜绝类似事件再次发生；将以更严谨的态度与更负责任的精神，服务消费者与回馈社会。”@中国新闻网,,,中国新闻网,"用越野赛悲惨照片宣传企业致歉,企业用白银越野赛事件照片宣传",0,0,1,2021-06-08 10:30,华为P9手机摄影再突破,['http://ww4.sinaimg.cn/large/005ZZ3nFly1granikudpfj30a00e574c.jpg'],,
4645757908945700,Kjcn4Bxbu,2122211101,超级笨笨兔2013,先出了名再说，目的达到了，道歉只不过是出名后的助推器。//商家用白银越野赛事故图打广告？道歉来了！O商家用白银越野赛事故图打广告？道歉来了！,,,,,0,0,0,2021-06-08 10:14,分享按钮,,,
4645752338908536,Kjce5Bnw4,5501668108,平阴检察,【#用越野赛悲惨照片宣传企业致歉#】#企业用白银越野赛事件照片宣传#近日，小蓝象门店被曝使用白银越野赛安全事件的照片做海报，引发广泛关注。6月7日，小蓝象排汗内衣官方微博发布致歉声明称，因该司门店“保持干燥，至关重要”画面素材使用不当，引发公众质疑，已进行整改下架。“基于此事件带来的不良影响，深表歉意:我们错了，对不起。我司感谢社会及大众的监督，同时深刻反思，完善内容审查机制，杜绝类似事件再次发生；将以更严谨的态度与更负责任的精神，服务消费者与回馈社会。”@中国新闻网,,,中国新闻网,"用越野赛悲惨照片宣传企业致歉,企业用白银越野赛事件照片宣传",0,0,0,2021-06-08 09:52,新版微博 weibo.com,['http://ww3.sinaimg.cn/large/0060krcoly1grameb5q5oj30a00e5dh6.jpg'],,
4645750439150548,Kjcb1Cotu,2865472804,鄞州检察,【#用越野赛悲惨照片宣传企业致歉#】#企业用白银越野赛事件照片宣传#近日，小蓝象门店被曝使用白银越野赛安全事件的照片做海报，引发广泛关注。6月7日，小蓝象排汗内衣官方微博发布致歉声明称，因该司门店“保持干燥，至关重要”画面素材使用不当，引发公众质疑，已进行整改下架。“基于此事件带来的不良影响，深表歉意:我们错了，对不起。我司感谢社会及大众的监督，同时深刻反思，完善内容审查机制，杜绝类似事件再次发生；将以更严谨的态度与更负责任的精神，服务消费者与回馈社会。”@中国新闻网,,,中国新闻网,"用越野赛悲惨照片宣传企业致歉,企业用白银越野赛事件照片宣传",0,0,0,2021-06-08 09:44,微博 weibo.com,['http://ww1.sinaimg.cn/large/aacba524ly1gram6g9lgjj20a00e574c.jpg'],,
4645749629390773,Kjc9IDoY5,5488461006,济南市人民检察院,【#用越野赛悲惨照片宣传企业致歉#】#企业用白银越野赛事件照片宣传#近日，小蓝象门店被曝使用白银越野赛安全事件的照片做海报，引发广泛关注。6月7日，小蓝象排汗内衣官方微博发布致歉声明称，因该司门店“保持干燥，至关重要”画面素材使用不当，引发公众质疑，已进行整改下架。“基于此事件带来的不良影响，深表歉意:我们错了，对不起。我司感谢社会及大众的监督，同时深刻反思，完善内容审查机制，杜绝类似事件再次发生；将以更严谨的态度与更负责任的精神，服务消费者与回馈社会。”@中国新闻网,,,中国新闻网,"用越野赛悲惨照片宣传企业致歉,企业用白银越野赛事件照片宣传",0,2,1,2021-06-08 09:41,,['http://ww3.sinaimg.cn/large/005Zr1qCly1gram34txrpj30a00e5q33.jpg'],,
4645746978063811,Kjc5rxPLt,3193976821,方圆杂志,【用越野赛悲惨照片宣传企业致歉】此前，网曝北京朝阳大悦城小蓝象儿童排汗睡衣店的宣传海报上写着“只顾保暖，而忽略了大量出汗引起的失温风险”等字样，底部图片是白银越野赛参赛选手躺在地上抱团取暖的照片。7日，小蓝象发布致歉信称，因该司门店“保持干燥，至关重要”画面素材使用不当，引发公众质疑，已进行整改下架。,,,,,0,0,0,2021-06-08 09:30,微博 weibo.com,['http://ww1.sinaimg.cn/large/be6037f5ly1grals4du0jj20c80hajtj.jpg'],,
4645744419537733,Kjc1jE1cp,5065571660,保定检察,【#用越野赛悲惨照片宣传企业致歉#】#企业用白银越野赛事件照片宣传#近日，小蓝象门店被曝使用白银越野赛安全事件的照片做海报，引发广泛关注。6月7日，小蓝象排汗内衣官方微博发布致歉声明称，因该司门店“保持干燥，至关重要”画面素材使用不当，引发公众质疑，已进行整改下架。“基于此事件带来的不良影响，深表歉意:我们错了，对不起。我司感谢社会及大众的监督，同时深刻反思，完善内容审查机制，杜绝类似事件再次发生；将以更严谨的态度与更负责任的精神，服务消费者与回馈社会。”@中国新闻网@检察日报,,,"中国新闻网,检察日报","用越野赛悲惨照片宣传企业致歉,企业用白银越野赛事件照片宣传",11,14,9,2021-06-08 09:20,360安全浏览器,['http://ww4.sinaimg.cn/large/005wOCAIly1gralgfmtrbj30a00e5q4a.jpg'],,
4645737680077373,KjbQs0k7X,7472798136,法制与经济栏目组,甘肃马拉松越野赛悲剧照片被用作宣传图，涉事品牌致歉：近日，小蓝象品牌服装门店被曝使用甘肃白银越野赛中安全事件的照片做品牌宣传海报，引发广泛关注。7日，小蓝象官方微博发布致歉声明称，因该司门店“保持干燥，至关重要”画面素材使用不当，引发公众质疑，已进行整改下架，为此事件带来的不良影响向公众深表歉意。（澎湃新闻）,,,,,0,0,0,2021-06-08 08:53,HUAWEI P30,['http://ww3.sinaimg.cn/large/0089J6acly1grakpkivmaj30gs0l011p.jpg'],,
4645736840430924,KjbP61O6o,5558990115,湛泸剑,【#用甘肃越野赛事故图片做广告商家道歉#：对不起，我们错了】近日，网友爆料北京某商场内小蓝象店铺用甘肃越野赛事故相关图片做广告，引发关注。据图片显示，宣传海报上有“保持干燥，至关重要”等文字，底部配图为白银越野赛致21人死亡事故中参赛选手躺在地上抱团取暖的照片。6月7日，小蓝象发布致歉信表示，已于第一时间进行整改下架，基于此事带来的不良影响深表歉意，“我们错了，对不起”。据官网信息显示，小蓝象原名喜眠，创建于2012年，是一家做儿童排汗睡衣的服装品牌。#用越野赛悲惨照片宣传企业致歉##商家用甘肃越野赛事件照片宣传#L正观视频的微博视频（@正观视频）,,,正观视频,"用甘肃越野赛事故图片做广告商家道歉,用越野赛悲惨照片宣传企业致歉,商家用甘肃越野赛事件照片宣传",0,0,2,2021-06-08 08:50,微博视频号,,"http://f.video.weibocdn.com/6p50L7LSlx07Nh2gSDrq010412006ZeY0E010.mp4?label=mp4_ld&template=640x360.25.0&trans_finger=40a32e8439c5409a63ccf853562a60ef&ori=0&ps=1BVp4ysnknHVZu&Expires=1624610502&ssig=1XLfqTu2KK&KID=unistore,video",
4645736404225821,KjbOohJkp,6519474673,民乐检察,【#小蓝象就广告中用白银越野事故图片致歉#】近日，网曝北京朝阳大悦城小蓝象儿童排汗睡衣店，用甘肃白银越野赛事故图片做广告。小蓝象门口的宣传海报上写着“只顾保暖，而忽略了大量出汗引起的失温风险”等字样，底部图片是白银越野赛参赛选手躺在地上抱团取暖的照片。7日，@时间视频实地探访小蓝象，店员称，海报是公司寄到门店，让他们摆上的，因接到投诉现已撤下，会向公司反馈。商场一位运营部经理表示，将联系小蓝象公司了解情况。7日下午，小蓝象发布致歉信，因该司门店“保持干燥，至关重要”画面素材使用不当，引发公众质疑，已进行整改下架。#小蓝象用白银越野赛事故图片打广告#L时间视频的微博视频,,,时间视频,"小蓝象就广告中用白银越野事故图片致歉,小蓝象用白银越野赛事故图片打广告",2,8,4,2021-06-08 08:48,微博视频号,,"http://f.video.weibocdn.com/v1IXW5dhlx07NgMmgbfy01041200bLdj0E010.mp4?label=mp4_ld&template=360x640.25.0&trans_finger=6006a648d0db83b7d9951b3cee381a9c&ori=0&ps=1BVp4ysnknHVZu&Expires=1624610502&ssig=gl3c4Sq7nL&KID=unistore,video",
4645735088525171,KjbMgzLML,3900019299,江苏检察在线,【#用越野赛悲惨照片宣传企业致歉#】#企业用白银越野赛事件照片宣传#近日，小蓝象门店被曝使用白银越野赛安全事件的照片做海报，引发广泛关注。6月7日，小蓝象排汗内衣官方微博发布致歉声明称，因该司门店“保持干燥，至关重要”画面素材使用不当，引发公众质疑，已进行整改下架。“基于此事件带来的不良影响，深表歉意:我们错了，对不起。我司感谢社会及大众的监督，同时深刻反思，完善内容审查机制，杜绝类似事件再次发生；将以更严谨的态度与更负责任的精神，服务消费者与回馈社会。”@中国新闻网,,,中国新闻网,"用越野赛悲惨照片宣传企业致歉,企业用白银越野赛事件照片宣传",1,0,0,2021-06-08 08:43,微博 weibo.com,['http://ww2.sinaimg.cn/large/004fW5b5gy1grakf03ffnj60a00e574c02.jpg'],,
4645734701334857,KjbLE5BfX,5968543924,龙游检察,【以灾难照片做促销，吃人血馒头的商家还能再冷血点吗？】北京朝阳大悦城里，一则售卖儿童睡衣的广告触目惊心，刺痛肺腑。这则广告，位于大悦城的小蓝象儿童睡衣店铺。广告以刚刚痛失21条生命的白银马拉松越野赛为背景，以几名参赛选手挤在一张保温毯下取暖求生的灾难照片为卖点，为小蓝象儿童睡衣产品，打出了“保持干燥、至关重要”的宣传广告。商家卑鄙如此，着实令人恶心。虽然小蓝象店铺这则广告已撤，但它伤害的不仅仅是公序良俗，更涉嫌违反法律，有关部门应该认真追究，以儆效尤。#商家用白银越野赛事故图片做广告#L时间视频的微博视频,,,,商家用白银越野赛事故图片做广告,0,3,0,2021-06-08 08:42,微博视频号,,"http://f.video.weibocdn.com/eFMoPZj2lx07NgTdrzy801041200fRFK0E010.mp4?label=mp4_ld&template=640x360.25.0&trans_finger=6006a648d0db83b7d9951b3cee381a9c&ori=0&ps=1BVp4ysnknHVZu&Expires=1624610502&ssig=1DdcnCGObc&KID=unistore,video",
4645732608903161,KjbIgBm7n,2343014623,衝鋒号角,人血馒头真的好吃？用马拉松事故选手照片做海报！小蓝象品牌一张广告海报上写有“保持干燥、至关重要”“棉织品很吸汗，不容易排出从而加剧失温风险”等字样，宣传文字下方为此前甘肃白银石林山地马拉松百公里越野赛选手包裹着保温毯的照片。,,,,,3,6,11,2021-06-08 08:33,,"['http://ww3.sinaimg.cn/large/8ba790dfly1grak49m33pj20hs0ur0vn.jpg', 'http://ww3.sinaimg.cn/large/8ba790dfly1grak48ut3jj20gy0t7ac4.jpg']",,
4645728288769727,KjbBiANpd,5728773390,吴起检察,【#用越野赛悲惨照片宣传企业致歉#】#企业用白银越野赛事件照片宣传#近日，小蓝象门店被曝使用白银越野赛安全事件的照片做海报，引发广泛关注。6月7日，小蓝象排汗内衣官方微博发布致歉声明称，因该司门店“保持干燥，至关重要”画面素材使用不当，引发公众质疑，已进行整改下架。“基于此事件带来的不良影响，深表歉意:我们错了，对不起。我司感谢社会及大众的监督，同时深刻反思，完善内容审查机制，杜绝类似事件再次发生；将以更严谨的态度与更负责任的精神，服务消费者与回馈社会。”@中国新闻网,,,中国新闻网,"用越野赛悲惨照片宣传企业致歉,企业用白银越野赛事件照片宣传",0,8,1,2021-06-08 08:16,360安全浏览器,['http://ww1.sinaimg.cn/large/006fHlEOly1grajmvt9x9j30a00e5t9y.jpg'],,
4645717145029395,Kjbjkl6nh,1849152565,叶建勛,#透过窗口看中国##法治中国#用越野赛悲惨照片宣传企业致歉此前，网曝北京朝阳大悦城小蓝象儿童排汗睡衣店的宣传海报上写着“只顾保暖，而忽略了大量出汗引起的失温风险”等字样，底部图片是白银越野赛参赛选手躺在地上抱团取暖的照片。7日，小蓝象发布致歉信称，因该司门店“保持干燥，至关重要”画面素材使用不当，引发公众质疑，已进行整改下架。,,,,"透过窗口看中国,法治中国",0,0,0,2021-06-08 07:32,中国超话,['http://ww1.sinaimg.cn/large/6e37d435gy1graictuntyj20c80hn77a.jpg'],,
4645703337117001,KjaX3tRsl,1918185187,微播河南,【#小蓝象就广告中用白银越野事故图片致歉#】近日，网曝北京朝阳大悦城小蓝象儿童排汗睡衣店，用甘肃白银越野赛事故图片做广告。小蓝象门口的宣传海报上写着“只顾保暖，而忽略了大量出汗引起的失温风险”等字样，底部图片是白银越野赛参赛选手躺在地上抱团取暖的照片。7日，媒体实地探访小蓝象，店员称，海报是公司寄到门店，让他们摆上的，因接到投诉现已撤下，会向公司反馈。商场一位运营部经理表示，将联系小蓝象公司了解情况。7日下午，小蓝象发布致歉信，因该司门店“保持干燥，至关重要”画面素材使用不当，引发公众质疑，已进行整改下架。L时间视频的微博视频http://mapi/001NoFholy1gr9unkq2jtj60j60r4n1k02,,,,小蓝象就广告中用白银越野事故图片致歉,0,0,2,2021-06-08 06:37,微博视频号,,"http://f.video.weibocdn.com/v1IXW5dhlx07NgMmgbfy01041200bLdj0E010.mp4?label=mp4_ld&template=360x640.25.0&trans_finger=6006a648d0db83b7d9951b3cee381a9c&ori=0&ps=1BVp4ysnknHVZu&Expires=1624610502&ssig=gl3c4Sq7nL&KID=unistore,video",
4645701793612638,KjaUzf9Om,7397268002,妙微3,//@爸爸我来给你暖手了:#甘肃山地马拉松事故21人遇难#我们都已经这么惨了，为什么还要消费我们？@小蓝象排汗内衣#小蓝象用白银越野赛事故图片打广告#,,,"爸爸我来给你暖手了,小蓝象排汗内衣","甘肃山地马拉松事故21人遇难,小蓝象用白银越野赛事故图片打广告",0,0,0,2021-06-08 06:31,Redmi Note 8四摄,,,4645512793559051
4645701646549916,KjaUkrtVO,1894467542,Hi明年夏天,#小蓝象用白银越野赛事故图片打广告#一家没有道德底线的公司，真的能对消费者负责吗？,,,,小蓝象用白银越野赛事故图片打广告,0,0,0,2021-06-08 06:30,HUAWEI Mate30 Pro 5G,,,
4645696441680693,KjaLW73dX,2588125620,宁波检察,【#用越野赛悲惨照片宣传企业致歉#】#企业用白银越野赛事件照片宣传#近日，小蓝象门店被曝使用白银越野赛安全事件的照片做海报，引发广泛关注。6月7日，小蓝象排汗内衣官方微博发布致歉声明称，因该司门店“保持干燥，至关重要”画面素材使用不当，引发公众质疑，已进行整改下架。“基于此事件带来的不良影响，深表歉意:我们错了，对不起。我司感谢社会及大众的监督，同时深刻反思，完善内容审查机制，杜绝类似事件再次发生；将以更严谨的态度与更负责任的精神，服务消费者与回馈社会。”@中国新闻网,,,中国新闻网,"用越野赛悲惨照片宣传企业致歉,企业用白银越野赛事件照片宣传",5,10,25,2021-06-08 06:10,iPhone客户端,['http://ww3.sinaimg.cn/large/9a43a9b4ly1grafz850wmj20a00e574g.jpg'],,
4645695384453710,KjaKeiGC2,7444220508,XYH2a,【体育总局：暂停山地越野、戈壁穿越等新兴高危体育赛事活动】#暂停山地越野等新兴高危体育赛事#体育总局办公厅发布关于暂停相关体育活动的通知：5月22日，甘肃白银市黄河石林百公里越野赛因局部天气突变发生公共安全事件，造成重大人员伤亡。为切实保障人民群众身体健康和生命安全，从即日起，暂停山地越野、戈壁穿越、翼装飞行、超长距离跑等管理责任不清、规则不完善、安全防护标准不明确的新兴高危体育赛事活动。体育总局网辽宁省沈阳市铁西区贵和小学张书记从2016年至今在高级职称评定时扣押省里文件（我也是现在才知道有这个文件），不告诉老师，拒不执行省里文件和市里文件精神。文件规定评高级教师在教学一线工作10年以上并且在一级教师岗位从事教学工作5年以上。在2016年职称评定时申主任，不上课，不够资格，却评上了高级教师，2018年张某是后勤，也不上课，不够资格参评却参加评级。在2020年张某不够资格又参加评级，在我的强烈抗议之下才退出。由于张书记不按文件办事，导致职称评定的混乱。投诉五个多月了，没有人管。O政策法规不容践踏,,,,暂停山地越野等新兴高危体育赛事,0,0,0,2021-06-08 06:05,华为手机 畅享玩不停,,,
4645694515707917,KjaIPnWTb,7444220508,XYH2a,【体育总局：#暂停山地越野等高危体育赛事#】6月2日，国家体育总局办公厅发布关于暂停相关体育活动的通知。通知全文如下：各省、自治区、直辖市人民政府办公厅，新疆生产建设兵团办公厅：5月22日，甘肃省白银市黄河石林百公里越野赛因局部天气突变发生公共安全事件，造成重大人员伤亡，教训十分沉痛。为切实保障人民群众身体健康和生命安全，从即日起，暂停山地越野、戈壁穿越、翼装飞行、超长距离跑等管理责任不清、规则不完善、安全防护标准不明确的新兴高危体育赛事活动。体育总局将对体育赛事活动进行全面梳理，加快完善管理制度，健全标准规范，全面加强对体育赛事活动安全的管理保障。各地要严格落实非必要不办赛要求，坚持底线思维，增强风险意识，强化属地管理责任，采取切实有效措施防范和化解风险。要围绕组织运营、服务保障、安全管理、应急救援、疫情防控、地质条件、气象因素等内容，对所有赛事活动开展全面风险排查，存在安全隐患的一律暂停，严防体育领域安全事件发生，为迎接建党100周年营造良好的环境和氛围。辽宁省沈阳市铁西区贵和小学在2020年12月19号高级职称评定中，沈阳市文件要求公开公平公正！我要求公开参评老师的所有参评材料却遭到张校长的拒绝。拒绝的理由是：1.孙老师不同意公开。2.只公布分数，说是半公开。在我向上级投诉一周之后才让公开。参评的孙老师有一证书是辽宁省政府办公厅发的证书，当我问到取得证书的原因时，她拿出一份沈阳市委组织部的情况说明，说明里没有关于她的辽宁省政府办公厅的证书的内容。我有疑惑，问校长原因时，张校长说都是真的，孙老师就评上了高级。孙老师的辽宁省政府办公厅的证书与沈阳市委组织部的说明材料不匹配。投诉五个多月了，没有人管。O政策法规不容践踏,,,,暂停山地越野等高危体育赛事,0,0,0,2021-06-08 06:02,华为手机 畅享玩不停,,,
4645693904650270,KjaHQjvKm,5462616017,今天你抽中了吗,#转发抽奖##微博抽奖#1.【@威锋网】#一张图看懂WWDC21#来啦～转发+关注@威锋网，抽...O网页链接2.【@新浪新闻客户端】【#小蓝象用白银越野赛事故图片打广告#事件始末回顾】近日，网曝...O网页链接3.【@头条新闻】【高考数学卷难不难？老师、考生这样说】今年#高考数学#考试结束，...O网页链接4.【@点淘官方微博】#点淘女生给李佳琦庆生#6月7日，晴🌞，宜送祝福。经过两天的征...O网页链接5.【@舍得酒业】全国各地#高考作文#题目已出炉，舍掌柜给出了自己的解题思路。你...O网页链接6.【@卡宾服饰Online】#618潮玩俱乐部#【食“色”玩家，鼠我最酷】Cabb...O网页链接7.【@头条新闻】【监控曝光！两名考生在病房高考，现场亮了】#高考数学#考完了，#...O网页链接8.【@三邮动力】#我家有个高考生#寒窗苦读，今朝场上试，金榜题名，展翅正当时。...O网页链接,,,"威锋网,新浪新闻客户端,头条新闻,点淘官方微博,舍得酒业,卡宾服饰Online,三邮动力","转发抽奖,微博抽奖,一张图看懂WWDC21,小蓝象用白银越野赛事故图片打广告,高考数学,点淘女生给李佳琦庆生,高考作文,618潮玩俱乐部",0,0,0,2021-06-08 06:00,微博 HTML5 版,,,
4645682181570734,KjaoW6ACq,3318704034,HEIHEIG,#小蓝象用白银越野赛事故图片打广告#近日，网曝北京朝阳大悦城小蓝象儿童排汗睡衣店，用甘肃白银越野赛事故图片做广告。小蓝象门口的宣传海报上写着“只顾保暖，而忽略了大量出汗引起的失温风险”等字样，底部图片是白银越野赛参赛选手躺在地上抱团取暖的照片。7日，时间视频 实地探访小蓝象，店员称，海报是公司寄到门店，让他们摆上的，因接到投诉现已撤下，会向公司反馈。,,,,小蓝象用白银越野赛事故图片打广告,0,0,0,2021-06-08 05:13,,,,
4645653655585101,Kj9EVnqWh,5136521025,遨游宇宙David,『小蓝象用白银越野赛事故图打广告事件始末回顾_手机新浪网』O小蓝象用白银越野赛事故图打广告事件始末回顾,,,,,0,0,0,2021-06-08 03:20,小米MIX 2 全面屏手机,,,
4645633006501931,Kj97CrhrR,5386280926,舒畅畅畅畅畅,#小蓝象用白银越野赛事故图片打广告#,,,,小蓝象用白银越野赛事故图片打广告,0,0,0,2021-06-08 01:58,荣耀手机 勇敢做自己,,,
4645613898041036,Kj8CNxJQ8,7600633771,MurghVindaloo,“小蓝象儿童排汗睡衣”//@爸爸我来给你暖手了:#甘肃山地马拉松事故21人遇难#我们都已经这么惨了，为什么还要消费我们？@小蓝象排汗内衣#小蓝象用白银越野赛事故图片打广告#,,,"爸爸我来给你暖手了,小蓝象排汗内衣","甘肃山地马拉松事故21人遇难,小蓝象用白银越野赛事故图片打广告",0,0,0,2021-06-08 00:42,iPhone客户端,,,4645512793559051
4645609917909019,Kj8wnxbuP,5692536573,司理进,#用越野赛悲惨照片宣传企业致歉#【还有没有底线？！北京朝阳大悦城一#商家用白银越野赛事故图片做广告#】近日，网曝北京朝阳大悦城小蓝象儿童排汗睡衣店，用甘肃白银越野赛事故图片做广告。小蓝象门口的宣传海报上写着“只顾保暖，而忽略了大量出汗引起的失温风险”等字样，底部图片是白银越野赛参赛选手躺在地上抱团取暖的照片。7日，@时间视频 实地探访小蓝象，店员称，海报是公司寄到门店，让他们摆上的，因接到投诉现已撤下，会向公司反馈。商场一位运营部经理表示，将联系小蓝象公司了解情况。L时间视频的微博视频,,,时间视频,"用越野赛悲惨照片宣传企业致歉,商家用白银越野赛事故图片做广告",0,0,1,2021-06-08 00:26,廉政公署的Android,,"http://f.video.weibocdn.com/v1IXW5dhlx07NgMmgbfy01041200bLdj0E010.mp4?label=mp4_ld&template=360x640.25.0&trans_finger=6006a648d0db83b7d9951b3cee381a9c&ori=0&ps=1BVp4ysnknHVZu&Expires=1624610511&ssig=wIzWbsyGlz&KID=unistore,video",
